0,[학자금]  (기간연장)2015-2학기 농어촌출신 대학생 학자금지원(융자) 신청 안내,https://web.kangnam.ac.kr/menu/board/info/f19069e6134f8f8aa7f689a4a675e66f.do?scrtWrtiYn=false&encMenuSeq=41c4ba211ab06cbc003455e07441b4f8&encMenuBoardSeq=5f820121724d98fe3b19634f1b611823,15.06.11,장학,공지사항,"[학자금] 2015-2학기 농어촌출신 대학생 학자금지원(융자) 신청안내  한국장학재단에서는 농어촌지역 학부모의 교육비부담 경감 및 농어촌출신 대학생에 대한 균등한 교육기회를 제공하기 위하여 2015-2학기 농촌출신대학생 학자금융자 신청을 아래와 같이 안내하오니 해당 학생들은 기일 내 신청하시기 바랍니다.  - 아 래 -  1. 지원대상 (신청자격)가. 주민등록 등본 상 농어촌지역에 주소를 두고 6개월(거주기간 180일) 이상 거주하고 있는 학부모(보호자)의 자녀(대학생) 및 농어업에 종사하는 대학생 본인※ 본인자격 신청자는 반드시 본인이 주소, 거주일수, 농어업에 종사 세가지 조건을 만족하여야 하며 학부모의 농어촌 거주 및 농어업종사여부는 관계없음나. 대학에 재학(복학 포함) 및 입학예정(편입생, 재입학생 포함)인 학생다. 직전학기에 12학점 이상을 이수하고 성적이 100점 만점 환산시 70점이상(2.00)인 학생※ 편입생, 재입학생(이수학점, 성적기준) 적용 제외※ 졸업학년 학생 및 장애우 학생의 경우 이수학점 적용제외 2. 융자대상금액 : 등록금 전액 (입학금, 수업료, 기성회비 등)※ 생활비, 기숙사비, 졸업앨범비 등은 융자금 대상에서 제외( 단, 생활비는 한국장학재단의 일반·든든 생활비대출에서 별도로 신청이 가능함)※ 타 장학금 수혜자는 등록금에서 장학금 수혜액을 제외한 금액을 융자금으로 산정하여 신청 ※ ‘최소 10만원 이상’ 융자 신청 가능 3. 융자조건 : 무이자※ 재학 대학(교)의 정규학기 수 만큼 융자 가능- 융자 당해학기의 학적변동(휴학, 자퇴, 퇴학 등) 및 이중지원 등의 사유로 융자금을 반환한 경우도 융자횟수에 포함 4. 특별추천 (성적 및 이수학점 미달자에 한함)가. 지원자격 요건 중 직전학기 60점 이상 70점 미만 또는 직전학기 12학점 이하인 학생 중 관련 서류 제출 자나. 해당학기 학업목표 및 계획서[붙임1] 양식에 맞춰 작성 ※ 해당학기 학업목표 및 계획 세부적으로 작성 다. [붙임1] 작성 후 농어촌학자금융자 특별추천 신청서[붙임2] 작성 후 학부/학과장 추천라. [붙임1]과 [붙임2] 모두 작성 후 장학복지팀으로 서류 제출 ※ 인문사회관 4층 404-1호 장학복지팀 ※ 제출기한 : 2015.08.07(금)까지  5. 신청기간 및 서류 제출기간가. 신청기간 및 서류 제출기간 : 2015.05.22(금) ~ 07.24(금) (기간연장)나. 서류제출방법 : 모바일 및 홈페이지에 파일 업로드1) 홈페이지 업로드 : [사이버창구] - [서류제출] - [서류제출현황] - 우측하단[서류제출] 클릭 후 업로드2) 모바일 업로드 : 한국장학재단 학자금 서류제출 앱다운 - 로그인 - [파일찾기] 클릭 - 파일 업로드 ※ 마감기한 엄수※ 상기 일정은 추진상황에 따라 변동가능 6. 제출서류구 분내용발급처필수서류학부모(보호자) 기준 신청자학부모(보호자)명의 가족관계증명서- 읍면동 주민자치센터- 온라인‘민원24’본인 기준 신청자농어업종사확인서류  선택서류기초생활수급자기초생활수급자증명서- 읍면동 주민자치센터- 온라인‘민원24’ 차상위계층1) 차상위 본인경감증명서2) 자활근로확인서3) 한부모가족증명서4) 우선돌봄차상위증명서 5) 장애(아동)수당대상자확인서- 읍면동 주민자치센터- 국민건강보험공단장애인장애인증명서 본인명의로 발급(원본)- 온라인‘민원24’ 다자녀가족관계증명서- 읍면동 주민자치센터- 온라인‘민원24’ 농어업종사자농어업종사 증빙서류- 온라인‘민원24’ 등부모가 생존하나 행방불명의 경우가출신고접수증 등- 경찰서다문화가정(귀화자 경우) 가족관계증명서로 확인 불가시 기본증명서, 제적등본- 읍면동 주민자치센터- 온라인‘민원24’ ※ 농어업종사 증빙서류농지원부 ․ 어선원부 ․ 영농종사자확인서 ․ 어업종사자확인서 ․ 농업경영체 등록증 ․ 친환경농산물생산인증서(생산자) ․ 맨손어업허가증 ․ 선박등록증 ․ 선박허가증 ․ 연안어업허가증선적증서 ․ 축산업허가(등록)증 ․ 가축사육업등록증 ․ 산림업종사증명서 ․ 조합원증명서 ․ 기타 농업관련 증명서(양봉,버섯,인삼 관련 증명서) ․ 기타 어업 ․ 임업 ․ 축산업관련 증명서등※ 농지원부와 어선원부가 있는 신청자는 재단이 행정정보공동이용망을 이용하여 확인 하므로 별도 제출서류 없음※ 영농종사자확인서와 어업종사자확인서는 읍,면,동 주민자치센터의 장에게 확인받은 것만 인정※ 국가장학금 통합신청자는 국가장학금 제출자료와 중복된 자료는 따로 제출하지 않아도 됨.※ 한국장학재단홈페이지>사이버창구>장학/대출신청>신청현황>서류제출현황에서 제출하여야 할 서류 및 서류확인 진행상태를 확인가능※ 학부모(보호자)기준 신청자 중 부모외 다른 사람으로 보호자를 신청할 경우 가출신고 접수증 등 행방불명을 확인할 수 있는 행정서류를 제출하여야 함※ 본인기준 신청자의 경우 농어업종사확인서류 외 기타 별도 제출하여야 할 필요서류가 없으나 재단에서 요청이 있을시 가족관계증명서 등 요청자료를 제출하여야 함※ 신청자가 입력한 정보를 토대로 전산자료를 확인하며, 신청완료는 이에 동의한 것으로 간주됨※ 기초생활보장법 개정(2015.7월 시행)에 따라 기존 증명서 및 신설 수급자 증명서 혼용※ 보장시설수급자의 경우 보건복지부 자격확인이 불가능하므로 반드시 서류제출 필요※ 모든 서류는 학생의 학자금신청일 전 1개월부터 발급된 서류만 인정   7. 신청방법 및 절차가. 공인인증서 준비 (본인확인용도, 기보유자는 재발급 불필요)나. ‘한국장학재단 홈페이지’에서 신청 ( ☞ http://www.kosaf.go.kr)다. 농어촌학자금대출 신청정보입력 라. 약관동의 후 신청완료마. 서류제출 (모바일 및 홈페이지에 파일 업로드) 8. 신청 시 유의사항 가. 홈페이지 로그인 후, 공인인증서를 이용하여 신청 정보 및 융자 거래약정 동의 등의 관련사항을 빠짐없이 입력나. 신청마감일 이후, 입력 내용 오류 및 누락 시 수정 불가다. 반드시 서류 접수기간 내, 모든 서류를 제출하여야 함- 필요 서류 및 재단 요청서류 미제출자는 심사대상에서 제외됨※ '신청완료'는 재단 여신거래약관 등을 포함한 모든 내용과 심사 및 학자금융자를 위한 본인 또는 보호자 등의 관련 정보 활용에 동의한 것으로 간주됨 9. 문의전화: 한국장학재단 (대표전화 : 1599-2000)   학생처장"
1,2015학년도 2학기 복학 신청 안내,https://web.kangnam.ac.kr/menu/board/info/f19069e6134f8f8aa7f689a4a675e66f.do?scrtWrtiYn=false&encMenuSeq=c5dc4b1d7b4dd402e5e6a7a8471eb55c&encMenuBoardSeq=5661edce0f2874d6054cc5634f3cea89,15.06.05,학사,공지사항,"2015학년도 2학기 복학 신청 안내    2015학년도 2학기 복학예정자는 아래와 같은 방법으로 신청기간 내에 복학신청 하시기 바랍니다.  아 래  1 신청대상 : 2015학년도 2학기 복학예정자  2. 신청기간가. 1차 : 2015. 7. 6(월) ~ 7. 10(금)※ 위 기간에 복학신청을 하지 않을 경우 수강신청은 수강변경기간에만 신청할 수 있음 나. 2차 : 2015. 7. 13(월) ~ 2015. 9. 04(금) 3. 신청방법: 종합정보시스템에서 학생이 직접 입력종합정보시스템에 접속⇨복학원 작성 및 신청화면 우측 “복학신청” 버턴을 클릭후 내용 작성→저장→신청⇨복학처리 및 승인⇨1주후 종합정보시스템에서 복학상태 확인※. 복학신청 승인처리 이전에는 모든 내용을 변경할 수 있지만, 승인처리 이후에는 변경할 수 없음  4. 제출서류가. 일반휴학 : 제출서류 없음나. 군휴학자(미첨부시 복학처리 불가)- 전역증 사본 또는 주민등록초본을 붙임파일로 업로드 - 전역예정일이 기재되어 있는 전역예정증명서를 붙임파일로 업로드  5. 유의사항가. 편제변경 대상자의 경우 편제변경 신청을 반드시 하여야 복학신청이 가능함.나. 복학생 중 전부/전과를 희망하는 자는 복학신청 후 전과신청하기 바람. 다. 2015학년도 2학기 복학예정자중 휴학을 연장하여야 할 경우 복학신청을 하지 않고 휴학기간 [2015년 8월 17일(월) ~ 8월 21일(금)] 내에 휴학연장 신청 바람.라. 등록금 대체자는 복학신청시 등록금이 자동 대체 처리됨. 마. 대학직장예비군(방침보류자) 보류원서 제출안내- 2015학년도 대학직장예비군에 편성되어 교육훈련을 경감 받고자하는 학생예비군은 복학신청시 보류원서 등록 화면이 보여지면 정확한 정보를 입력하여야 함.(전역증을 참조하여 등록) - 예비군편성 대상자임에도 불구하고 보류원서 등록화면 없이 복학신청이 이루어진 경우 반드시 예비군대대로 연락하여 별도 조치를 받아야 함.- 기타 문의사항 승리관 1층으로 방문 또는 031-280-3595, 3596번으로 문의      교 무 처 장"
2,2015-2학기 전부·전과 신청 안내,https://web.kangnam.ac.kr/menu/board/info/f19069e6134f8f8aa7f689a4a675e66f.do?scrtWrtiYn=false&encMenuSeq=c5dc4b1d7b4dd402e5e6a7a8471eb55c&encMenuBoardSeq=dd4c001e58b2dc07ce7541a0057c4775,15.06.05,학사,공지사항,"2015-2학기 전부·전과 신청 안내    2015-2학기 전부․전과 희망자는 아래와 같이 신청기간 내에 전부․전과를 신청하시기 바랍니다.  아 래  1. 신청기간 : 2015. 7. 6(월) ~ 7. 10(금)  2. 신청자격 및 횟수 가. 현재 1학년 이상의 과정을 수료(2012학년도 이전 입학자 35학점, 2013학년도 이후 입학자 33학점)하고 취득한 성적의 평점평균이 3.0(2008학번까지는 2.5) 이상인자로 재학 중 1회에 한하여 전부.전과를 허가함. 단, 자율전공학부로 입학한 자와 학적변동으로 재적하였던 학부(과) 또는 전공이 통합되었거나 소속이 변경된 경우는 성적의 제한을 두지 않으며 2회까지 허가함.나. 사범대학의 학과는 2015학년도 2학기 전부(과) 여석 없음으로 신청을 받지 않음.  3. 제출대상자: 3학기이상 6학기이내 진급대상자. 다만, 자율전공계열 편입생은 2학기 이수 후부터 가능.   4. 신청방법 및 절차 :종합정보시스템에서 학생이 직접 입력종합정보시스템에서 신청⇨전부․전과를 희망 하는 학부(과)장의 승인⇨심사⇨확정/허가⇨2주후 종합정보시스템 에서 확인- 허가범위 : 제한없음.  5. 전부․전과의 제한가. 예체능대학, 독일바이마르음악학부 또는 미래인재개발대학 입학자로서 타학부(과)로의 전부(과)(다만, 미래인재개발대학 입학자의 경우 대학내의 전부ㆍ전과는 예외)나. 특기자로 입학한자의 전부(과)다. 일반학부(과) 입학자로 예체능대학, 독일바이마르음악학부 또는 미래인재개발대학으로의 전부(과)라. 편입학자의 전부(과). 단, 자율전공계열로 입학한 자는 제외마. 주․야간 동일 학부(과)로의 전부(과). 단, 폐과된 학부(과)의 전공에 대하여는 예외바. 학부(과)입학생으로서 자율전공계열로의 전부․전과   6. 유의사항가. 전부․전과를 한 자는 전입한 학부(과)에 지정되어 있는 교과과정을 이수하여야함. 나. 전부․전과로 계열이 변경되는 경우는 이에 해당하는 등록금 차액을 납부 또는 환불 하여야 함.       교 무 처 장"
3,2015-2학기 재입학 안내,https://web.kangnam.ac.kr/menu/board/info/f19069e6134f8f8aa7f689a4a675e66f.do?scrtWrtiYn=false&encMenuSeq=c5dc4b1d7b4dd402e5e6a7a8471eb55c&encMenuBoardSeq=b5a00bca037acaa1a7041b0af2afd73f,15.06.05,학사,공지사항,"2015-2학기 재입학 안내    학칙 제12조(재입학) 및 학칙시행세칙 제4조(재입학)에 의해 2015-2학기 재입학 시행 계획을 아래와 같이 알려드리니 재입학 희망자는 기간내에 원서를 제출하시기 바랍니다.   아 래 1. 일정내 용 일 정   비 고    재입학원서 접수 2015.07.06(월) ~ 07.10(금)     재입학 심사 2015.07.30(목)예정  재입학 허가자 발표2015.07.31(금) 예정  재입학 추가접수2015.08.03(월) ~ 08.12(수)추가여석이 있을 경우  등록기간2015.08.17(월) ~ 08.21(금)   수강신청 기간2015.09.01(화) ~ 09.07(월)    2. 구비서류가. 재입학원서[학부(과)장 경유] 및 서약서[본인 및 보호자 도장 날인] 각 1부.[원서 다운로드]나. 성적증명서 및 학적부 각 1부 (증지가 부착된 원본증명 첨부)※ 전과목과락으로 제적된 학생이 재입학하는 경우에는 본인이 전과목과락 학기를 포기하고자 할 경우에는 별도의 전과목과락 학기 포기원 1부  3. 신청절차재입학원서 및 보호자 연서의 서약서 작성 → 학부(과)장 상담후 원서에 추천내용 기록 → 학사지원팀 제출  4. 선발 방법 : 총여석 범위 내에서 정원 내ㆍ외 및 주ㆍ야간으로 구분하여 허가(사범대학은 별도)  5. 유의사항 : 재입학은 재입학원서 접수기간내에 원서를 접수한 자에 한하여 심사하며, 허가자는 반드시 등록기간 내에 등록을 하여야 하며 등록을 하지 않을 경우 재입학 허가가 취소됩니다.※ 재입학을 위한 등록에는 등록금 외에 소정의 재입학금을 납부하여야 합니다  6. 문의처 : 교무처 학사지원팀(031-280-3439)         교 무 처 장 "
4,중동호흡기증후군(MERS) 증상으로 인한 결석자 출석인정 및 추가 시험 시행 안내,https://web.kangnam.ac.kr/menu/board/info/f19069e6134f8f8aa7f689a4a675e66f.do?scrtWrtiYn=false&encMenuSeq=c5dc4b1d7b4dd402e5e6a7a8471eb55c&encMenuBoardSeq=337da89d7c6af3ad8ce60c1eb8f01646,15.06.04,학사,공지사항,"“중동호흡기증후군(MERS) 증상으로 인한 결석자” 출석인정 및 추가 시험 시행 안내  1. 관련근거가. 학칙시행세칙 제 61조(유고결석) ①항 8나. 학칙시행세칙 제 22조(추가시험) ①항 1,2  2. 중동호흡기증후군(MERS) 증상자 출석인정 및 기말고사 추가 시험 시행 사유가. 출석 및 성적에 불이익이 있을 것을 우려하여 전염성 질병에도 학교를 등교하는 일이 없도록 예방코자 함나. 부득이 가족중 전염성 질병으로 학교를 등교할 수 없는 경우의 학생에 대한 성적처리에 불이익이 없도록 조치코자 함  3. 중동호흡기증후군(MERS) 증상자 출석 인정 및 기말고사 추가 시험 시행 가. 출석인정① 대상자- 중동호흡기증후군(MERS) 의심, 밀접접촉자, 확진자, 의심 검사 후 이동 자제 대상등으로 병원(보건복지부, 질병관리본부 포함)에서 격리가 필요하다고 확정 받은 경우- 동거가족 중 중동호흡기증후군(MERS) 의심, 밀접접촉자, 확진자, 의심 검사후 이동 자제 대상으로 병원(보건복지부, 질병관리본부 포함)에서 격리가 필요하다고 확정 받은 자가 있는 경우② 출석인정 신청 방법- 위의 출석인정 대상자에 해당하는 증명서(병원, 보건복지부, 질병관리본부 등 발부)를 첨부하여 웹종합정보시스템에 유고결석 신청- 유고 결석신청 사유는 “학교가 허가한 기타사항”클릭후 신청③ 출석인정 접수 학생에 대한 처리- 출석인정 접수된 학생의 수강교과목 담당교수에게 해당 내용을 통보하여 수업결손에 따른 불이익이 없도록 조치함- 시험기간에 중동호흡기증후군(MERS) 관련 유고 결석자의 경우 담당교수가 추가 시험일정이나 과제부여등을 통해 성적처리에 불이익이 없도록 조치함나. 기말고사 추가 시험 시행① 대상자- 중동호흡기증후군(MERS) 관련 증상으로 인한 유고결석 인정자② 기말고사 추가 시험 신청 방법- 학생 신청 없이 담당교수가 학생에게 이메일을 통한 추가 시험 일정등 안내를 시행토록 함- 중동호흡기증후군(MERS) 관련 증상으로 인한 유고결석 인정자 중 기말고사 시험기간에 결석한 학생 정보는 학사지원팀에서 담당교수에게 전달하며, 담당교수는 해당 학생에게 추가시험(과제부여등 포함) 일정을 통보하여 학생이 이메일이나 유선을 통한추가시험(과제부여등 포함)을 시행하여 성적에 불이익이 없도록 함③ 기말고사 추가 시험자에 대한 성적 처리- 중동호흡기증후군(MERS) 관련 증상으로 인한 유고 결석 인정으로 추가 시험(과제부여등 포함) 부여 대상자는 담당교수가 재량으로 시험(과제부여등 포함)을 시행하고 성적을 부여토록 함4. 기타사항① 기타 문의사항은 학사지원팀(031-280-3440)으로 연락 바람"
5,2015 하계 계절수업 추가수강신청(변경) 및 등록 안내,https://web.kangnam.ac.kr/menu/board/info/f19069e6134f8f8aa7f689a4a675e66f.do?scrtWrtiYn=false&encMenuSeq=c5dc4b1d7b4dd402e5e6a7a8471eb55c&encMenuBoardSeq=fc7d6597bdfd05823da8eb8d98fd310e,15.06.04,학사,공지사항,"하계 계절수업 추가수강신청(변경) 및 등록 안내  2015학년도 하계 계절수업 개설과목이 다음과 같이 확정되었음을 공고하니 희망자는 기간중에 수강변경 및 추가 수강신청을 하기 바랍니다.  다 음  1. 개설과목학부/과(전공)이수구분교과목명학점시간강의시간담당교수강의실비고교양자선상담심리학33인터넷수업유제민　개설확정교양교선결혼과가정22인터넷수업박종수　개설확정교양교선TOEIC I22인터넷수업윤희환　개설확정교양교필컴퓨터실습(Excel&Powerpoint)3312:20-14:50한상일샬209개설확정교양교선현대인의정신건강22인터넷수업유제민　개설확정교양교선심리학개론33인터넷수업유제민　개설확정교양교필영어회화I(중급)3309:20-11:50SWANSON TODD ALLEN샬202개설확정교양교선생활경제의이해22인터넷수업홍성인　개설확정교양교선성심리학22인터넷수업유제민　개설확정교양교선실용영어I22인터넷수업윤희환　개설확정교양교필영어회화II(중급)3312:20-14:50BRODIE DANIEL ERIC샬202폐강유보교양교선TOEIC II22인터넷수업윤희환　폐강유보교양교필작문과독서2215:00-16:40간호배샬204폐강유보경영학전공전선마케팅관리33인터넷수업허남일　개설확정경영학전공전선기업가정신과창업33인터넷수업이상석　개설확정경영학전공전선인적자원관리33인터넷수업박종혁　개설확정경영학전공전선소비자행동론33인터넷수업허남일　개설확정경영학전공전선조직행동론33인터넷수업박종혁　개설확정경영학전공전선재무관리33인터넷수업이해영　개설확정경제학과전기경제학원론I33인터넷수업김봉호　개설확정경제학과전선거시경제학I33인터넷수업홍성인　개설확정교육학과전선교육학교과교육론3315:00-17:30배장오샬201개설확정교육학과전선교육공학33인터넷수업김철주　개설확정교육학과전선평생교육방법론3312:20-14:50배장오샬201개설확정교육학과전선교육행정학3309:20-11:50이희숙샬201폐강유보교육학과전선평생교육론33인터넷수업배장오　폐강유보국제통상학과전선국제마케팅론33인터넷수업이우채　개설확정국제통상학과전선마케팅원론33인터넷수업이우채　개설확정사회복지학부전기사회문제론33인터넷수업이홍직　개설확정사회복지학부전선사회복지행정론33인터넷수업이홍직　개설확정사회복지학부전선사회복지정책론33인터넷수업이홍직　개설확정사회복지학부전선사회복지조사론33인터넷수업이홍직　개설확정사회복지학부전선사회복지법제론3309:20-11:50김근홍샬204개설확정신학과전선종교와문화33인터넷수업백용기　개설확정※ 1. 폐강유보과목은 추가수강신청후 최종등록인원이 10명이상일 경우만 최종 개설되며, 10명 미만일 경우 해당과목 수강자는 수강신청변경 또는 환불처리됨2. 인터넷 수업 시험 일정표：다운로드3. 인터넷강좌 수강 안내: 다운로드    2. 폐강과목학부/과이수구분교과목명학점시간강의시간담당교수교양교선창업론22인터넷수업이상석교양교선현대사회와부모역할22인터넷수업신건호교양교선생활과세금22인터넷수업서희열교양교선인간과종교22인터넷수업백용기교양자선학습심리학3309:20-11:50유제민교양교선경제원리의이해22인터넷수업김봉호교양교선TOEFL22인터넷수업윤희환교양교필영어회화I(초급)3309:20-11:50고운정교양교선영어읽기와토의2212:20-14:00박효춘교양교선건강과스포츠2209:20-11:00현무성교양교선법과생활2209:20-11:00박석정건축공학과전선건축구조시스템I3309:20-11:50하상수경제학과전기경제학원론II33인터넷수업김봉호교육학과전선교육학교과교재연구및지도법3309:20-11:50배장오교육학과전선교육평가3312:20-14:50전경희교육학과전선교육학교과논리및논술2215:00-16:40황영준교육학과전기교육철학3312:20-14:50이명준국제통상학과전기무역학개론3315:00-17:30박근호국제통상학과전기경영학원론3312:20-14:50박근호법학과전선형사소송법3315:00-17:30박석정법학과전선형법각론3312:20-14:50박석정사회복지학부전기인간행동과사회환경3312:20-14:50임현승사회복지학부전선사회복지실천론3315:00-17:30최희철사회복지학부전선사회복지실천기술론3312:20-14:50최희철사회사업학전공전선지역사회복지론3315:00-17:30임현승세무학과전선원가관리회계3309:20-11:50권성수신학과전선성서와정신건강33인터넷수업박종수신학과전선한국기독교와역사33인터넷수업백용기실버산업학부전기실버산업과경제33인터넷수업김병준실버산업학전공전선실버산업마케팅33인터넷수업이성철실버산업학전공전선실버산업회계원리33인터넷수업김병준유아교육과전선유아동작교육3309:20-11:50　초등특수교육과전선초등특수교육교과교재연구및지도법3312:20-14:50김은하초등특수교육과전선중복중증장애학생교육3315:00-17:30김은하    3. 계절수업 추가 수강신청(변경)기간 및 등록일정구 분일 정비 고가. 수강신청 변경 및 추가 신청 기간2015.06.05(금) ~ 2015.06.11(목)인터넷 수강신청나. 추가 등록기간2015.06.15(월) ~ 2015.06.17(수)국민은행 납부(17시까지)다. 수업2015.06.22(월) ~ 2015.07.10(금)      4. 수강신청 및 등록 방법  가. 수강신청 방법 (본교생)  1) 학교 홈페이지 접속2) 홈페이지 우측 Event “계절수업 추가 수강신청(변경) 및 등록” 배너(Event배너 화면이 움직이므로 푸른색 바를 클릭하여 배너 확인) 클릭 후 로그인  3) 계절수업 수강신청 클릭  4) 개설과목 중 선택하여 9학점 범위 내에서 수강 신청  나. 수강신청 방법 (타교생)  1) 강남대학교 홈페이지(www.kangnam.ac.kr)접속  2) 홈페이지 우측의 Event “계절수업 추가 수강신청(변경) 및 등록” 배너(Event배너 화면이 움직이므로 푸른색 바를 클릭하여 배너 확인) 클릭후 로그인  3) “타대학교 학생 수강신청” 클릭  4) 타교생 신상정보/계좌정보 입력/저장  5) 계절수업 “수강신청(변경)” 클릭  6) 개설과목중 선택하여 6학점 범위내에서 수강 신청  7) 해당학교 학점교류 추천서를 반드시 팩스 송부(031-280-3549)   다. 등록 방법  1) 학교 홈페이지 접속  2) 홈페이지 우측의 Event “계절수업 추가 수강신청(변경) 및 등록” 배너(Event배너 화면이 움직이므로 푸른색 바를 클릭하여 배너 확인) 클릭후 로그인  3) 계절수업 “고지서 출력” 클릭  4) 고지서를 가지고 기간내에 가상계좌로 송금하거나 국민은행에 직접 납부  * 가상계좌로 송금시 은행 납부시간 중에만 가능함을 유념하시기 바랍니다.    5. 폐강 교과목 수강신청 변경 및 환불 신청  가. 기간： 2015.06.05(금) ~ 2015.06.11(목)  나. 수강신청 변경 및 환불  1) 강남대학교 홈페이지(www.kangnam.ac.kr)접속  2) 홈페이지 우측의 Event “계절수업 추가 수강신청(변경) 및 등록” 배너(Event배너 화면이 움직이므로 푸른색 바를 클릭하여 배너 확인) 클릭후 로그인  3) 계절수업 “수강신청 변경 및 환불” 클릭  4) 본인 수강신청 교과목중 폐강과목 확인 후 수강신청 변경을 원할 경우 개설된 과목중 9학점 범위내에서 수강신청 변경, 환불을 원할 경우 환불 신청 과목을 클릭 후 환불 신청.  * 환불 신청할 경우 6월 20일에 지정된 학생 계좌로 환불이 이루질 예정임.(일자 변경 가능)    6. 신청학점： 9학점 이내    7. 수강료： 106,000원 × 수업시간 수  8. 수업방법： 1학점 기준 15시간 수업을 실시함.    9. 시험： 2회 실시    10. 수강교과목 포기  가. 수강포기 기간： 교과목의 포기는 수업시작 전 금요일(6월 19일)까지만 허가한다.단, 수강포기로 인해 교과목 개설 기준 인원(10명)에 미달할 경우는 수강포기를 불허한다.  나. 수강포기 방법  1) 학교 홈페이지 접속 하단 “종합정보시스템” 클릭  2) 계절수업 관리메뉴 클릭  3) “계절수업 수강포기” 클릭  4) 개설과목 중 선택하여 수강신청 포기 신청  5) 환불금액 및 환불 예정일을 확인 후 해당일에 환불금 확인  다. 수강포기 승인후 납부한 계절수업 수강료는 수강신청시 지정된 통장으로 환불 예정일에 입금됨.     11. 2015년 8월 졸업예정자가 타교로 학점교류를 희망할 경우 2015년 7월 17일(금)까지 본교에 성적이 도착할 수 있는 대학에 한해 허가한다.     12. 기타문의  ㅇ학사지원팀(계절수업 수강신청 및 학점교류 문의)： 031-280-3439, 280-3549(팩스)  ㅇ가상대학(인터넷강좌문의)： 031-280-3448   2015. 6. 3.    교 무 처 장"
6,[국가근로] 2015-2학기 한국장학재단 국가근로장학생 신청 안내,https://web.kangnam.ac.kr/menu/board/info/f19069e6134f8f8aa7f689a4a675e66f.do?scrtWrtiYn=false&encMenuSeq=41c4ba211ab06cbc003455e07441b4f8&encMenuBoardSeq=aa50ce765d8d3821a5461eeac74b0365,15.05.28,장학,공지사항,"[국가근로] 2015-2학기 한국장학재단 국가근로장학생 신청 안내  저소득층 대학생의 등록금과 생활비를 지원하여 안정적인 학업여건을 조성하고, 직업체험 기회를 제공하여 취업역량을 제고하기 위하여 2015-2학기 국가근로장학생 신청을 아래와 같이 안내하오니 희망 학생은 기간 내 신청하시기 바랍니다.  - 아 래 -  1. 신청자격가. 성적기준 : 직전학기 성적70점(평점평균2.0)이상 나. 소득분위 : 한국장학재단에서 소득분위 8분위 이하로 확인된 자 다. 정규학기 재학생  2. 신청일정 및 선발절차 (※ 아래일정은 변동 가능)구분학생-신청대학-장학생선발비고정규모집05.22(금) ~ 06.10(수)모집부서별 장학생 선발 후 개별 안내  한국장학재단 홈페이지※ 신청방법은 붙임자료 참조하여 신청  3. 서류제출 가. 가족정보 불일치자 : 가족정보 확인서류를 한국장학재단으로 기간 내 제출 (해당자에 한함) 나. 국가근로 최종 선발자에 한하여 국가근로장학생 서약서 제출 ※추후 선발된 학생들에게 재공지  4. 희망근로기관 신청 방법 : 추후 부서별 모집 현황 확정 후 재공지 예정  5. 선발우대가. 소득분위가 낮은 자 우선나. 동일순위 내에서는 장애인, 다자녀가구자녀, 근로경력자의 경우에 우대  6. 기타 가. 국가장학금 및 학자금대출과 통합신청으로 진행이 되어 희망근로기관은 추후 선택할 수 있도록 안내 예정나. 동계방학 중 국가근로를 희망하는 학생도 이번 신청기간에 필히 신청 바람    학 생 처 장"
7,2014학년도 후기 평생교육사자격증 신청서 제출 안내,https://web.kangnam.ac.kr/menu/board/info/f19069e6134f8f8aa7f689a4a675e66f.do?scrtWrtiYn=false&encMenuSeq=c5dc4b1d7b4dd402e5e6a7a8471eb55c&encMenuBoardSeq=f59f1a3b4c3ca415df3793bb3087f889,15.05.22,학사,공지사항,"2014학년도 후기 평생교육사자격증 신청서 제출 안내   2014학년도 후기 졸업예정자 중 평생교육사 자격증 취득희망자의 자격증발급신청서를 아래와 같이 접수받으오니, 대상자는 기간 내에 제출하여 주시기 바랍니다.   - 아 래 - 1. 제출 대상：2015년 8월 졸업예정자 중 평생교육사 자격증 취득을 위한 교과목 이수자2. 제출 기간：2015년 6월 1일(월) ~ 6월 12일(금)까지3. 제출 서류가. 평생교육사자격증 발급신청서：[붙임.1 양식]나. 기본증명서 1부：2015. 6. 1 이후 발급 일자 기본증명서 제출다. 개인정보 수집․이용․제3자 동의서 1부：[붙임.2 양식]4. 제출 장소：교직팀(천은관 1층)"
8,2015학년도 2학기 한국장학재단 국가장학금 신청 안내,https://web.kangnam.ac.kr/menu/board/info/f19069e6134f8f8aa7f689a4a675e66f.do?scrtWrtiYn=false&encMenuSeq=41c4ba211ab06cbc003455e07441b4f8&encMenuBoardSeq=8265a8893eec085c729718b02617d151,15.05.21,장학,공지사항,"2015학년도 2학기 한국장학재단 국가장학금 신청 안내  1. 신청일정 가. 신청기간： 2015. 05. 22(금) 09:00-2015. 06. 10(수) 18:00까지나. 서류제출 및 가구원동의 : 2015. 05. 22(금) 09:00-2015. 06. 15(월) 18:00까지※ 일요일 및 공휴일 24시간 신청 가능함(단, 마감일 제외)  2. 신청방법： 한국장학재단 홈페이지 온라인 신청(www.kosaf.go.kr)※ 신청시 본인명의 공인인증서 필요  3. 서류제출 : 서류제출 대상자에 한하여 한국장학재단 홈페이지 및 모바일 앱을 통해서류 업로드   4. 가구원정보동의 : 신청자의 가구원이 재단 홈페이지 접속 후 정보제공 동의 진행※ 1학기에 정보제공 동의한 가구원은 동의할 필요 없음   5. 고객상담센터： 1599-2000 (평일 09:00 - 18:00까지)  6. 유의사항가. 국가장학금 신청 후 한국장학재단에서 학생개인별 소득분위 심사를 진행하여, 소득 8분위 이하자를 기본대상으로 합니다.나. 최종선발자는 소득분위에 따라 차등된 장학금을 등록금 고지서감면 또는 학생지급 처리 합니다.다. 학자금대출로 등록시 해당 장학금은 대출금에서 제외 또는 상환처리 하게 됩니다.마. 국가장학금 미신청시 국가장학금과 연계하여 지급하는 강남사랑장학금 및 비지정 외부장학금 등 장학금 지급대상자에서 제외 될 수 있습니다.바. 국가장학금 신청과 관련된 세부사항은 한국장학재단으로 문의해 주시기 바랍니다.   학 생 처 장 학 복 지 팀"
9,2015학년도 하계 계절수업 수강신청 및 등록 안내,https://web.kangnam.ac.kr/menu/board/info/f19069e6134f8f8aa7f689a4a675e66f.do?scrtWrtiYn=false&encMenuSeq=c5dc4b1d7b4dd402e5e6a7a8471eb55c&encMenuBoardSeq=63b2ed54cf7e54aa15e89c37f98e7908,15.05.19,학사,공지사항,"2015학년도 하계 계절수업 수강신청 및 등록 안내  2015학년도 하계 계절수업 개설과목을 다음과 같이 공고하니 희망자는 기간중에 수강신청 및 등록을 하기 바랍니다.  다 음  1. 개설과목학부/과이수구분교과목명학점시간강의시간담당교수강의실교양교양필수영어회화I(초급)3309:20-11:50고운정샬201교양교양필수영어회화I(중급)3309:20-11:50SWANSON TODD ALLEN샬202교양교양필수영어회화II(중급)3312:20-14:50BRODIE DANIEL ERIC샬202교양교양필수작문과독서2215:00-16:40간호배샬204교양교양필수컴퓨터실습(Excel&Powerpoint)3312:20-14:50한상일샬209교양교양선택법과생활2209:20-11:00박석정샬308교양교양선택영어읽기와토의2212:20-14:00박효춘샬309교양교양선택건강과스포츠2209:20-11:00현무성샬310교양자유선택학습심리학3309:20-11:50유제민샬204교양교양선택인간과종교22인터넷수업백용기　교양교양선택경제원리의이해22인터넷수업김봉호　교양교양선택생활경제의이해22인터넷수업홍성인　교양교양선택창업론22인터넷수업이상석　교양교양선택결혼과가정22인터넷수업박종수　교양교양선택현대인의정신건강22인터넷수업유제민　교양교양선택현대사회와부모역할22인터넷수업신건호　교양교양선택TOEFL22인터넷수업윤희환　교양교양선택TOEIC I22인터넷수업윤희환　교양교양선택TOEIC II22인터넷수업윤희환　교양교양선택실용영어I22인터넷수업윤희환　교양자유선택상담심리학33인터넷수업유제민　교양(야)교양선택심리학개론33인터넷수업유제민　교양(야)교양선택성심리학22인터넷수업유제민　교양(야)교양선택생활과세금22인터넷수업서희열　건축공학과전공선택건축구조시스템I3309:20-11:50하상수샬309경영학전공전공선택조직행동론33인터넷수업박종혁　경영학전공전공선택마케팅관리33인터넷수업허남일　경영학전공전공선택인적자원관리33인터넷수업박종혁　경영학전공전공선택재무관리33인터넷수업이해영　경영학전공전공선택기업가정신과창업33인터넷수업이상석　경영학전공전공선택소비자행동론33인터넷수업허남일　경제학과전공기초경제학원론I33인터넷수업김봉호　경제학과전공기초경제학원론II33인터넷수업김봉호　경제학과전공선택거시경제학I33인터넷수업홍성인　교육학과전공선택교육학교과교재연구및지도법3309:20-11:50배장오샬301교육학과전공선택평생교육방법론3312:20-14:50배장오샬301교육학과전공선택교육학교과교육론3315:00-17:30배장오샬301교육학과전공기초교육철학3312:20-14:50이명준샬302교육학과전공선택교육행정학3309:20-11:50이희숙샬311교육학과전공선택교육평가3312:20-14:50전경희샬303교육학과전공선택교육학교과논리및논술2215:00-16:40황영준샬303교육학과전공선택교육공학33인터넷수업김철주　교육학과전공선택평생교육론33인터넷수업배장오　국제통상학과전공선택마케팅원론33인터넷수업이우채　국제통상학과전공선택국제마케팅론33인터넷수업이우채　국제통상학과전공기초무역학개론3315:00-17:30박근호샬309국제통상학과전공기초경영학원론3312:20-14:50박근호샬310법학과전공선택형법각론3312:20-14:50박석정샬308법학과전공선택형사소송법3315:00-17:30박석정샬308사회복지학부전공기초인간행동과사회환경3312:20-14:50임현승샬201사회복지학부전공선택사회복지실천론3315:00-17:30최희철샬201사회복지학부전공선택사회복지실천기술론3312:20-14:50최희철샬204사회복지학부전공기초사회문제론33인터넷수업이홍직　사회복지학부전공선택사회복지행정론33인터넷수업이홍직　사회복지학부전공선택사회복지정책론33인터넷수업이홍직　사회복지학부전공선택사회복지조사론33인터넷수업이홍직　사회복지학부전공선택사회복지법제론3309:20-11:50김근홍샬303사회사업학전공전공선택지역사회복지론3315:00-17:30임현승샬202세무학과전공선택원가관리회계3309:20-11:50권성수샬304신학과전공선택한국기독교와역사33인터넷수업백용기　신학과전공선택성서와정신건강33인터넷수업박종수　신학과전공선택종교와문화33인터넷수업백용기　실버산업학부전공기초실버산업과경제33인터넷수업김병준　실버산업학전공전공선택실버산업회계원리33인터넷수업김병준　실버산업학전공전공선택실버산업마케팅33인터넷수업이성철　유아교육과전공선택유아동작교육3309:20-11:50　샬302초등특수교육과전공선택초등특수교육교과교재연구및지도법3312:20-14:50김은하샬304초등특수교육과전공선택중복중증장애학생교육3315:00-17:30김은하샬304계　68과목　　　　　※ 1. 일반강좌의 담당교수 및 강의실은 수강신청서 접수 완료 후 변경될 수 있음.2. 인터넷 수업 시험 일정표：계절수업 인터넷강좌 시험은 온라인으로 진행되며 최종 강좌 개설후 시험 일정을                                        공지토록 함3. 인터넷강좌 수강 안내: 첨부된 안내문을 반드시 읽은 후 수강신청 바람    2. 계절수업 일정구 분일 정비 고가. 수강신청 기간2015.05.21(목) ~ 2015.05.27(수)인터넷 수강신청나. 등록기간2015.05.29(금) ~ 2015.06.02(화)국민은행(가상계좌납부)다. 수강신청 변경 및 추가 신청 기간2015.06.05(금) ~ 2015.06.11(목)인터넷 수강신청라. 추가 등록기간2015.06.15(월) ~ 2015.06.17(수)국민은행(가상계좌납부)마. 수업2015.06.22(월) ~ 2015.07.10(금)    3. 수강신청 및 등록 방법  가. 수강신청 방법 (본교생)  1) 학교 홈페이지 접속  2) 홈페이지 우측 Event “계절수업 수강신청” 배너(Event배너 화면이 움직이므로 푸른색 바를 클릭하여 배너 확인)   클릭 후 로그인  3) 계절수업 수강신청 클릭  4) 개설과목 중 선택하여 9학점 범위 내에서 수강 신청   나. 수강신청 방법 (타교생)  1) 강남대학교 홈페이지(www.kangnam.ac.kr)접속  2) 홈페이지 우측의 Event “계절수업 수강신청” 배너(Event배너 화면이 움직이므로 푸른색 바를 클릭하여 배너 확인)  클릭후 로그인  3) “타대학교 학생 수강신청” 클릭  4) 타교생 신상정보/계좌정보 입력/저장  5) 계절수업 “수강신청(변경)” 클릭  6) 개설과목중 선택하여 6학점 범위내에서 수강 신청  7) 해당학교 학점교류 추천서를 반드시 팩스 송부(031-280-3549)   다. 등록 방법  1) 학교 홈페이지 접속  2) 홈페이지 우측의 Event “계절수업 수강신청” 배너(Event배너 화면이 움직이므로 푸른색 바를 클릭하여 배너 확인)   클릭후 로그인  3) 계절수업 “고지서 출력” 클릭  4) 고지서를 가지고 기간내에 가상계좌로 송금하거나 국민은행에 직접 납부  * 가상계좌로 송금시 은행 납부시간 중에만 가능함을 유념하시기 바랍니다.  ※ 계절수업 수강신청후 등록기간내에 등록금을 납부하지 않을 경우 수강신청은 자동 취소됨.   4. 신청학점： 9학점 이내  5. 수강료： 106,000원 × 수업시간 수  6. 개설기준： 수강신청 후 등록인원이 10명 이상일 경우 개설하며, 10명 미달시에는 폐강함.  7. 폐강과목 수강신청 변경, 환불 및 추가신청 기간  가. 기간： 2015.06.05(금) ~ 2015.06.11(목)  나. 수강신청 변경, 환불 및 추가신청 방법  1) 학교 홈페이지 접속  2) 홈페이지 우측의 Event “계절수업 수강신청” 배너(Event배너 화면이 움직이므로 푸른색 바를 클릭하여 배너 확인)   클릭 후 로그인  3) 계절수업 “수강신청 변경 및 환불” 클릭  4) 본인 수강신청 과목 중 폐강과목 확인 후 수강신청 변경을 원할 경우 개설된 과목 중 9학점 범위내에서 수강신청  변경, 환불을 원할 경우 환불 신청 과목을 클릭 후 환불 신청. 단, 폐강유보과목의 등록자는 수강신청 변경 및 환불이  되지 않으므로 유의바람.  다. 추가 수강 신청 : 개설 확정 과목 중 선택하여 추가 수강신청(추후 확정 공지사항 참조)   8. 수업방법： 1학점 기준 15시간 수업을 실시함.    9. 시험： 2회 실시    10. 수강교과목 포기  가. 수강포기 기간： 수강신청 및 등록 후 개설 확정된 교과목의 포기는 수업시작 전 금요일까지만 허가한다.단, 수강포기로 인해 교과목 개설 기준 인원(10명)에 미달할 경우에는 수강포기를 불허한다.  나. 수강포기 방법  1) 학교 홈페이지 접속 하단 “종합정보시스템” 클릭  2) 계절수업 관리메뉴 클릭  3) “계절수업 수강포기” 클릭  4) 개설과목 중 선택하여 수강신청 포기 신청  5) 환불금액 및 환불 예정일을 확인 후 해당일에 환불금 확인  다. 수강포기 승인후 납부한 계절수업 수강료는 수강신청시 지정된 통장으로 환불 예정일에 입금됨.     11. 2015년 8월 졸업예정자가 타교로 학점교류를 희망할 경우 2015년 7월 17일(금)까지 본교에 성적이 도착할 수 있는   대학에 한해 허가한다.     12. 기타문의  ㅇ학사지원팀(계절수업 수강신청 및 학점교류 문의)： 031-280-3439, 280-3549(팩스)  ㅇ가상대학(인터넷강좌문의)： 031-280-3448      2015. 5. 20.  교 무 처 장"
10,[국가근로] 2015학년도 국가근로장학사업 하계방학 교내근로 신청 안내,https://web.kangnam.ac.kr/menu/board/info/f19069e6134f8f8aa7f689a4a675e66f.do?scrtWrtiYn=false&encMenuSeq=41c4ba211ab06cbc003455e07441b4f8&encMenuBoardSeq=64b72578c214de20fe50aed395cde12d,15.05.19,장학,공지사항,"[국가근로] 2015학년도 국가근로장학사업 하계방학 교내근로신청 안내  저소득층 대학생의 등록금과 생활비를 지원하여 안정적인 학업여건을 조성하고, 직업체험 기회를 제공하여 취업 역량 제고를 위하여 2015학년도 국가근로장학사업 하계방학 교내근로 신청을 아래와 같이 안내하오니 관심있는 학생들은 기간 내에 신청하시기 바랍니다.   - 아 래 -  1. 장학사업명 :2015학년도 국가근로장학사업 하계방학 교내근로2. 목적 가. 방학기간 동안 교내근로를 통해 직업체험 및 취업역량 제고 나. 근로를 통해 등록금 및 생활비 부담 경감3. 신청대상가. 성적기준 : 직전학기 성적70점(평점평균2.0)이상 나. 소득분위 : 한국장학재단에서 소득분위 8분위 이하로 확인된 자다. 2015-1학기 국가근로장학금 1차 또는 2차 신청자 라. 정규학기 재학생※ 2015년 8월 졸업예정자는 8.19(수)까지 근로 가능4. 신청일정 및 선발절차 (※ 아래일정은 변동 가능)가. 신청 및 서류제출기간 : 05.20(수) ~ 05.28(목) 17:00까지나. 서류제출처 : 인문사회관 4층 404-1호 장학복지팀 다. 선발일정 : 06.10(수) 이후라. 근로기간 : 2015.06.22(월) ~ 08.31(월)※ 붙임파일 참조하여 작성 후 제출6. 선발우대가. 소득분위가 낮은 자 우선나. 동일순위 내에서는 장애인, 다자녀가구자녀, 북한이탈주민자녀, 전공·근로경력자의 경우에 우대7. 부서별 모집 현황 및 유의사항가. 신청서 작성 시 반드시 하나의 지원부서 명시할 것 (미기재시 추천 불가)나. 창업보육센터 입주업체는 관련전공자만 신청가능 함※ 모집인원은 변경 될 수 있음번호구분근로부서/업체명모집인원관련전공 및 기타근로 장소1일반 행정부서관재팀4남학생만 지원가능교내근로2일반 행정부서교목실4  우원관3일반 행정부서취업정보센터2　본관4일반 행정부서학술정보팀4  중앙도서관5일반 행정부서창업_에뜨베리테일1세무학과인문사회관 5층6일반 행정부서창업_투애니테크럴러지1컴퓨터미디어정보공학부인문사회관 5층7일반 행정부서창업_포네사운드1경영학과인문사회관 5층8창업보육센터창업_스마트포켓1회화디자인학부(산업디자인)인문사회관 5층9외부어린이집경기도 이천 백사어린이집1경기도 이천 거주자 우선(사범계열)경기도 이천8. 기타사항 : 하계방학 교내근로와 하계방학 집중근로프로그램 중 하나의 근로만 신청 가능 ※ 교내근로 및 외부기관근로 중복 신청 불가능※ 중복 신청 시 장학생 선발 제외    학 생 처 장"
11,2015-1학기 강의평가 실시 안내,https://web.kangnam.ac.kr/menu/board/info/f19069e6134f8f8aa7f689a4a675e66f.do?scrtWrtiYn=false&encMenuSeq=c5dc4b1d7b4dd402e5e6a7a8471eb55c&encMenuBoardSeq=b12c271b102beb6918bdffbe229e8f87,15.05.18,학사,공지사항,"2015-1학기 강의평가 실시 안내  2015-1학기 강의평가를 아래와 같이 실시함을 공고하니 전원 실시하여 주시기 바랍니다.  - 아 래 -  1. 강의평가 기간가. 1차: 2015.06.15(월) 10:00 ~ 06.26(금) 24:00(☞ 학생 자율적 시행)나. 2차: 2015.06.29(월) 10:00 ~ 07.01(수) 24:00(☞ 성적확인 및 정정기간과 동일한 기간)(1차 미시행 학생 성적확인기간에 연동하여 필수 시행후 성적확인 가능)  2. 대상： 재학생 전원  3. 강의평가 실시 방법： 본교 홈페이지 접속 ▶ 홈페이지 하단 “종합정보시스템”클릭후 로그인 ▶ 수업관리 메뉴 ▶ 강의평가  4. 강의평가 실시 대상과목：2015-1학기에 신청한 교과목 중 예외과목을 제외한 모든 과목  5. 강의평가 실시 예외과목가. Pass로 성적을 평가하는 교과목중 “채플”, “졸업종합평가”, “어학연수”, “세계문화탐방(KGC)"", ""현장실습""등 나. 실험ㆍ실습ㆍ실기과목중 외부기관에서 성적을 평가하는 교과목으로 담당교원의 책임시간을 인정하지 않는 교과목다. 수업일수 1/2경과후 강의담당교원이 변경된 교과목  6. 참고사항가. 강의평가를 실시하여야만 2015-1학기 성적확인이 가능합니다.나. 강의평가 결과는 교수업적평가 및 수업개선에 반영되는 등 수업의 질을 높이는데 중요한 역할을 하게 되므로 신중하게 실시하여 주기 바라며, 실시한 내용에 대한 학생들의 신분은 절대 노출되지 않음을 유념하여 적극적인 참여를 바랍니다.다. 주관식 문항은 수강한 강좌에 대한 내용을 50자 이내로 적도록 되어있으며, 작성하지 않아도 강의평가 완료로 저장이 가능합니다.라. 본인이 강의평가한 내용은 비밀이 보장되며, 한번 실시한 평가는 변경할수 없습니다.마. 강의평가 시행에 대한 문의는 학사지원팀(031-280-3440)으로 연락 바랍니다.  2015. 06. 01.  교 무 처 학 사 지 원 팀"
12,[국가근로] 2015학년도 국가근로장학사업 하계방학 집중근로프로그램 신청 안내,https://web.kangnam.ac.kr/menu/board/info/f19069e6134f8f8aa7f689a4a675e66f.do?scrtWrtiYn=false&encMenuSeq=41c4ba211ab06cbc003455e07441b4f8&encMenuBoardSeq=f0beaaefe6ea43ba4c93e75416834f87,15.05.18,장학,공지사항,"[국가근로] 2015학년도 국가근로장학사업 하계방학 집중근로프로그램 신청 안내 방학 중 국가근로장학생이 다양한 직업체험 기회를 가질 수 있도록 양질의 교외 근로지를 발굴·제공하는「하계방학 집중근로 프로그램」을 추진하고 있으며, 이에 국가근로장학사업 하계방학 외부기관 장학생 신청을 아래와 같이 안내하오니 관심있는 학생들은 해당 기간 내에 신청하시기 바랍니다.   - 아 래 -   1. 사업명 :2015학년도 국가근로장학사업 하계방학 집중근로프로그램  2. 목적 가. 방학기간 동안 전공 연계형 및 공익적 일자리에서 집중근로(전일근로)를 통해 직업체험 및 취업역량 제고 나. 근로를 통해 등록금 및 생활비 부담 경감  3. 신청대상가. 성적기준 : 직전학기 성적 70점(평점평균 2.0) 이상 나. 신청대상 : 2015년 1학기 1, 2차 국가근로장학금 신청자다. 소득분위 : 한국장학재단에서 소득분위 8분위 이하로 확인된 자 라. 정규학기 재학생 ※ 2015년 8월 졸업예정자는 8.19(수)까지 근로 가능  4. 신청일정 및 근로가능 기간가. 희망근로기관 신청기간 : 2015.05.18(월) ~ 05.22(금)나. 근로기간 : 2015.07.01(수) ~ 08.28(금)※ 하계방학 중 집중근로프로그램 국가근로장학생 신청은 교내 근로가 아닌 외부기관에서 근로실시 5. 신청(선발)절차   가. (희망근로신청기간 중) 사이버창구 → 장학금관리 → 근로장학관리 방학 중 집중근로 프로그램 신청 나. 장학생 최종 선발 - 2015년 6월 둘째주 예정다. 장학생 사전 오리엔테이션 1) 1차 사전교육 : 2015.06.24(수) / 장소 개별공지 2) 2차 사전교육 : 2015.06.25(목) / 장소 개별공지※ 장학생 선발 후 개별 연락※선발 된 장학생은 1차 또는 2차 사전교육에 무조건 참석 / 불참시 장학생 자격 탈락※ 사전교육 참석 시 국가근로장학생 서약서 필수 제출 (미제출시 장학생 탈락) 6. 교외 근로기관 종류 : 시·도 교육청(초 ․ 중 ․ 고 포함), 공공기관, 우수 중소기업 등 7. 기타사항 가. 하계방학 교내근로와 외부기관근로 중 하나의 근로지만 신청 가능 ※ 교내근로 및 외부기관근로 중복 신청 불가능※ 교내근로 및 외부기관근로 중복 신청시 모두 탈락됨에 유의나. 장학생 선발 후 국가근로장학생 서약서 필수 제출※ 서약서 출력방법 : 붙임파일 참조   학 생 처 장"
13,제15기 심전국제교류재단 장학생 선발안내,https://web.kangnam.ac.kr/menu/board/info/f19069e6134f8f8aa7f689a4a675e66f.do?scrtWrtiYn=false&encMenuSeq=41c4ba211ab06cbc003455e07441b4f8&encMenuBoardSeq=3823818983118e83c440198db7b8ad69,15.05.15,장학,공지사항,"제15기 심전국제교류재단 장학생 선발안내(사업명: 심전국제교류장학생 선발)      외교부 소관 비영리 공익 재단법인이며 강남대학교 협력기관인 (재)심전국제교류재단은 기독교 선교정신과 ‘국제평화와 인류공영’을 기치로 다양한 국제교류 지원 사업을 시행하고 있습니다. 본 재단에서는 우리의 사업 취지에 공감하면서 세상을 향한 봉사 열정을 갖고 있는 성실하고 진실한 학생, 또는 학업에 대한 열정은 있으나 우리 재단의 지원을 필요로 하는 강남대학교 재학생들을 대상으로 아래와 같이 15기 장학생을 선발하오니 관심 있는 학생들의 많은 참여를 바랍니다.    -------------------- 아 래 -------------------- 1. 지원자격  1) 강남대학교 및 대학원재학생 (2015-2학기 복학예정자 포함) 2) 2015-2학기 등록 예정인 자에 한함(등록하지 않고 휴학할 자는 제외).3) 마지막 졸업학기 재학 중인 자는 지원 불가 4) 연속지원자는 아래의 “주의사항” 참조바람 2. 선발인원 : 총 00명 (금번 부터 예년의 2배 이상 선발 예정) 3. 장학금액 : 100만원(1인당) 4. 제출서류 1) 지원서1부: 장학금 신청 사유기재 (A4 1~2매. 아래 붙임파일 다운로드)     (강남대학교: www.kangnam.ac.kr) 2) 본인 및 가족소개서(A4 1~2매) : 졸업 후 계획 및 가족 소개 포함  3) 교내․외 봉사활동 관련 증빙서류1부(해당자만, 단 최근 6개월간 증명)  4) 직전학기 성적증명서 1부(※절대적 기준은 아님. 군 제대 복학자는 입대직전 성적) 5. 제출기한 및 제출처 : 5월 18일~6월 8일(월)까지. 강남대 글로벌센터(본관1층, 담당 031-280-3425 )    ※연속 장학생도 모든 서류를 신규지원자와 동일하게 글로벌센터로 제출함 6. 선발일정 1차 서류 합격자에게 면접일정 별도 통보예정. 7. 주의사항  1) 아래대상자는 연속지원불가 (많은 학생들에게 기회를 주기 위함)과 정학부과정석사과정박사과정제한회수 ﻿ 총 3회 총 2회 ﻿총 3회   2) 장학금 지급 : 강남대 장학복지팀, 대학원교학팀 (단, 2015-2학기 등록필 후 대학에서 본인계좌로 입금-신종합정보시스템에 본인계좌 등록필수)  3) 장학증서 수여식에 특별 사유 없이 불참자 불합격 처리(장학금 환수) 4) 복학 예정자 및 등록금 분할납부자의 경우 2015-2학기 복학 및 납부완료 확인 후 일괄지급 5) 장학금 총액이 등록금을 초과 시는 초과금액을 제하고 지급함 6) 학자금 대출자는 학자금대출 상환 처리를 우선함 7) 문의: 심전재단 사무국 (전화) 031-275-5351 (E-mail) shimjeon@hanmail.net   "
14,2015-1학기 성적 입력 방법 안내[교·강사],https://web.kangnam.ac.kr/menu/board/info/f19069e6134f8f8aa7f689a4a675e66f.do?scrtWrtiYn=false&encMenuSeq=c5dc4b1d7b4dd402e5e6a7a8471eb55c&encMenuBoardSeq=51fab4d26c9f8efef194e2731c9c87ef,15.05.15,학사,공지사항,"2015-1학기 성적 입력 방법 안내[교·강사]  1. 성적평가 기준： 학칙 제 42조, 제 43조 및 동 시행세칙 제 23조 2. ‘2015-1학기 성적평가방법 및 입력 안내문’ 및 ‘성적평가 상한등급 인원표’ 확인 방법  가. 확인 방법： 홈페이지(www.kangnam.ac.kr)접속 → Service [종합정보시스템] 선택 → 로그인 → 학사행정 ‘성적관리 - 평가상한 제한인원참고 → [성적평가방법 및 입력 안내문 다운로드] 클릭  3. 성적입력 방법  가. 입력 기간： 2015.06.17(수) 10:00 ~ 06.26(금) 24:00  나. 입력 방법： 홈페이지(www.kangnam.ac.kr)접속 → Service [종합정보시스템] 선택 → 로그인 → 학사행정 ‘수업관리 - 출석체크’ 메뉴 → ‘과목’선택 및 조회 → 출석체크 완료 후 [저장] 클릭 → [평가점수관리] 클릭 → ‘시험 및 과제물 등(중간,기말,과제물등기타)와 출석’의 성적입력 후 [저장] 클릭(※ 평가상한 제한인원 참조) → [성적으로 이관] 클릭 → 학사행정 ‘성적관리 - 성적입력/정정’메뉴 → ‘과목’선택 및 조회 → 학생 ‘점수’확 인 → ‘F사유’ 및 ‘예외처리여부’입력 → [성적저장] 클릭  4. 성적 확인 및 이의신청/정정기간： 2015.06.29(월) 10:00 ~ 07.01(수) 24:00 (☞ 정정방법은 위의 ‘3. 입력방법’과 동일)  [ 이의신청 및 정정기간 중에 연락 두절로 인한 학생들로부터의 민원이 제기되지 않도 록, 반드시 연락 가능하도록 조치하여 주시기 바람 ]  5. 성적평가표 및 출석부는 제출안하셔도 됩니다.   2015. 05. .  교무처 학사지원팀"
15,2015-1학기 기말고사 시험진행 협조 신청 방법 안내,https://web.kangnam.ac.kr/menu/board/info/f19069e6134f8f8aa7f689a4a675e66f.do?scrtWrtiYn=false&encMenuSeq=c5dc4b1d7b4dd402e5e6a7a8471eb55c&encMenuBoardSeq=42326688d70867cd49cbf9418e3400e0,15.05.14,학사,공지사항,"[2015-1학기 기말고사 시험진행 협조 신청 방법 안내] ◀ 신청기간은 2015.05.18(월) 10:00 ∼ 05.29(금) 24:00이며 기간 중 반드시 신청하시기 바랍니다.  1. 시험진행 승인결과 확인 : 2015.06.03(수) 이후2. 기말고사 : 2015.06.08(월) ~ 06.13(토)3. 시험진행 협조신청 방법  가. 웹종합정보시스템에서 학사행정-학부-성적관리-시험진행협조신청 메뉴 클릭 나. 강좌 리스트에서 신청하려는 과목의 신청하기 버튼을 누르면 시험진행협조신청 내역이 아래쪽에 활성화됨    다-1. 시험감독자를 추가하는 경우    ※ 시험감독 추가 배정은 강좌의 현재 수강인원이 50명 이상인 경우만 시험감독지원을 신청할 수 있으며, ‘시험감독검색’으로 해당 전공조교 및 전체 조교 선생님을 검색할 수 있습니다. (시험은 반드시 담당교수 본인이 참석하여 시행되어야 합니다.)     다-2. 분반으로 강의실 추가배정    ※ 수강인원이 50명 이상인 교과목은 분반으로 강의실을 추가 배정 받을 수 있으며, ‘강의실검색’으로 강의실을 검색하여 지정할 수 있습니다. ※ 강의실 검색 사용시는 시험 일시를 먼저 입력하고 검색하여야 해당 일시에 강의가 없는 강의실을 검색할 수 있습니다.   다-3. 강의실 변경 요청 ※ 현재 사용하고 있는 강의실이 작아서 변경하고자 하는 경우에는 현재 강의실 최대 수용인원에서 여유좌석이 20명 이내인 경우만 신청이 가능합니다. 단, 현재 사용하고 있는 강의실이 실습실인 경우에는 인원에 제한 없이 일반 강의실로 변경신청이 가능합니다. ※ 강의실 검색 사용시 시험 일시를 먼저 입력하고 검색하여야 해당 일시에 강의가 없는 강의실을 검색할 수 있습니다. "
16,2015-1학기 학생 “수업피드백시스템(TFS)” 참여 안내(2차),https://web.kangnam.ac.kr/menu/board/info/f19069e6134f8f8aa7f689a4a675e66f.do?scrtWrtiYn=false&encMenuSeq=c5dc4b1d7b4dd402e5e6a7a8471eb55c&encMenuBoardSeq=20e42f1083656c3f39ab02aeeee5b96e,15.05.14,학사,공지사항,"2015-1학기 학생 “수업피드백시스템(TFS)” 참여 안내  1. 수업피드백시스템 (Teaching Feedback System) 이란?교수자가 수백 개의 수업 관련 진단평가 문항중 자신의 수업 특성에 맞는 문항들을 선택하여 시스템에 등재하면, 수업을 수강하는 학생들은 해당 문항에 대한 답변을 통하여 교수자와 학습자간의 소통을 통한 수업의 질 개선을 이루는 시스템임.2014학년도 1학기는 1차, 2차로 총 2회 시행함.  2. 수업피드백시스템 도입 시행 목적교수자는 강의개선 문제점을 발견하고, 학생은 수업 선택권의 질을 높이며, 이를 통하여 학교에서는 수업의 질을 개선하고자 함.  3. 학생 “수업피드백시스템” 참여 방법가. 종합종보시스템 로그인 → 나. 수업관리메뉴 클릭 → 다. 수업피드백시스템 클릭 → 다. 수강 교과목별 개설 설문문항 클릭후 문항에 답변  4. “수업피드백시스템” 설문 응답 기간가. 1차： 2015. 03. 30(월) - 04. 17(금)나. 2차： 2015. 05. 18(월) - 06. 10(수)다. 1차, 2차 기간에 모두 응답해야 함.  5. 기타 사항： 문의사항은 학부(과) 조교실이나 학사지원팀으로 하기 바람.   2015. 03. 17.  교 무 처 학 사 지 원 팀"
17,2014학년도 후기 졸업대상자 졸업유보 신청 안내,https://web.kangnam.ac.kr/menu/board/info/f19069e6134f8f8aa7f689a4a675e66f.do?scrtWrtiYn=false&encMenuSeq=c5dc4b1d7b4dd402e5e6a7a8471eb55c&encMenuBoardSeq=2451711da457b3d2a4a3eed4ee1d9bde,15.05.08,학사,공지사항,"2014학년도 후기 졸업대상자 졸업유보 신청 안내  2014학년도 후기(2015년 8월) 졸업대상자 중 졸업을 유보하고자 하는 학생은 아래 사항을 참고하여 기간 내에 졸업유보 신청을 하시기 바랍니다.  - 아 래 -  1. 신청기간: 2015년 5월 18일(월) 10:00시 ~ 5월 22일(금) 24:00시2. 신청대상: 2014학년도 후기 졸업대상자중 졸업가능자(2015-1학기 성적 취득시 졸업이 가능하다고 판단하는 자)3. 신청방법가. 종합정보시스템 로그인 → 학적관리 → 졸업유보 선택 클릭나. 신청일자는 신청 완료시 자동으로 입력되며 신청사유는 학생 본인이 유보하고자 하는 사유와 동일한 항목을 선택한다. 동일 항목이 없으면 기타를 선택하여 세부내용을 입력한다. 항목 선택이 완료되면 우측 상단의『졸업유보신청』버튼을 선택하여 신청을 완료한다.4. 선발기준: 졸업유보신청자 중 학칙시행세칙 제30조의 졸업기준을 모두 충족하여 2014학년도 후기(2015년 8월) 졸업이 가능한 자5. 유의사항가. 졸업유보자로 확정(7월 말경 확정)된 학생은 졸업유보를 취소할 수 없으며, 졸업유보에 따른 등록금을 필히 납부하여야 함.등록구분등록금액비 고별도의 수강신청없이 학적만 유지하는 경우등록금의 10분의 1  3학점 이하와 학점이 부여되지 않는 과목만 이수하여야하는 경우등록금의 6분의 1  4학점 이상 6학점 이하인 경우등록금의 3분의 1  7학점 이상 9학점 이하인 경우등록금의 2분의 1  10학점 이상인 경우등록금 전액  나. 졸업유보 신청 후 졸업여건이 미비하여 졸업이 불가한 자는 졸업 미비자로 처리됨다. 기타 문의사항은 학사지원팀(031-280-3440)으로 연락 바람.    2015. 5. 8.  교 무 처 학 사 지 원 팀"
18,2015-2학기 외래강사 공개초빙 안내,https://web.kangnam.ac.kr/menu/board/info/f19069e6134f8f8aa7f689a4a675e66f.do?scrtWrtiYn=false&encMenuSeq=c5dc4b1d7b4dd402e5e6a7a8471eb55c&encMenuBoardSeq=c92d07796397dba11500d8fecbd44299,15.05.06,학사,공지사항,"2015-2학기 외래강사 공개초빙 안내  본교의 2015-2학기 외래 시간강사 공개초빙 계획을 아래와 같이 알려드리오니 절차가 다소 번거로우시더라도 관심을 가지고 많은 지원을 부탁드립니다.  - 아 래 -  1. 초빙 전공분야 [ ★는 주․야간 동시 개설전공임, ◎는 토요일 수업 ]부총장직속：독일바이마르음악학부, 실버산업연계전공학부(노인건강관리전공, 노인교육상담학전공)인문대학：신학과, 철학과, 국어국문학과, 문헌정보학과, ★교양국제학대학：국제지역학부(국제관계학전공, 영미학전공), 국제통상학과, ★교양중국학대학：중국어.문화학과, 중국실용지역학과사범대학：교육학과, 유아교육과, 초등특수교육과, ★교양사회과학대학：★경제학과, ★법학과, ★행정학과, ★부동산학과, ★세무학과, ★교양사회복지대학：사회복지학부(★사회사업학전공, 노인복지학전공), 교양경영대학：★경영학부(경영학전공), ★교양 공과대학：컴퓨터미디어정보공학부(컴퓨터공학전공, 미디어정보공학전공), 전자공학과, 산업시스템공학과, 응용수학과, 도시공학과, 건축공학과, ★교양예체능대학：회화디자인학부(회화전공, 산업디자인학전공), 사회체육학과, ★교양 미래인재개발대학 : ★금융정보학과, ★◎실버산업공학과, ★◎유니버설디자인공학과  2. 전공별 초빙 교과목 및 인원각 전공별 상세 초빙교과목과 초빙인원은 아래 “공개초빙 과목 보기” 참조  3. 지원자격가. 해당 과목 전공의 박사학위 소지자나. 박사과정 수료자로서 1년 이상의 교육 또는 연구경력이 있는 자다. 석사학위 소지자로서 2년 이상의 교육 또는 연구경력이 있는 자라. 외국인의 경우 위 가, 나, 다항에 해당되며 외국인 출입국 관리법상 입국자격을 부여받은 자 또는 입국자격을 부여받는데 결격사유가 없는 자로 대학 교육기관에서 강의할 수 있는 자격을 갖춘 자마. 위의 가, 나, 다, 라항에도 불구하고 해당 전공분야에 현장경험이 충분하다고 판단되거나, 담당교과목과 관련한 공인자격증을 갖춘 자는 예외로 함.바. 위의 자격사항 이외에 비고에 “영어강의강좌”로 표시된 강좌에 지원하는 자는 본교 영어강의강좌운영규정에 따른 신청자격 요건을 갖춘 자만 가능함. ※ 영어강의강좌운영규정제5조(신청자격)강좌 개설신청 자격은 본교 교원 또는 학부(과)장의 추천을 받은 시간강사로써 다음 각 호 중 1의 요건을 갖춘 자로 한다.   1. 영어를 모국어로 하는 국가에서 박사학위를 취득한 자.   2. 영어를 모국어로 하는 국가에서 석사학위를 취득하고 당해 국가의 대학에서 3년 이상의 강의경력이 있는 자  3. 전공 소속 전임교원  4. 영어강의 경험이 있는 자   4. 초빙제한가. 임용지원 시점을 기준으로 직전학기를 제외한 최근 2년 이내에 한 과목이라도 강의평가 점수가 70점 미만이면서 하위 5%에 해당하는 자. 다만, 대학원 강의평가는 70점 미만에 해당하는 자.나. 본 대학에 조교로 재직 중인 자  5. 초빙기간 : 2015. 09. 01 ~ 2016. 02. 29 ※ 2015-2학기 개강일은 2015.09.01(화) 임.   6. 서류 접수가. 접수기간 : 2015.05.15(금) 10:00 ~ 05.21(목) 17:00까지본교 홈페이지를 이용 직접 입력(시간내에만 입력 가능)나. 제출서류 : 지원서, 연구실적목록, 담당 교과목의 교수방법(제출서류는 임용확정자에 한해 개별 제출 연락 함.)다. 접수방법 : 본교 홈페이지 “2015-2학기 시간강사초빙”에 직접 입력※ 홈페이지 메인화면 오른쪽 하단 이벤트 배너(움직이는 배너임.)에 있음.    7. 심사방법 및 합격자 통지가. 심사방법은 본교에서 정한 붙임된 심사기준에 의하여 실시한다.나. 최종 초빙 확정자는 2015년 06월 초순경에 본교 홈페이지에 공지하거나 개별 통보한다.  8. 기타 가. 강좌별 수업시간은 변경할 수 없으며, 지원코드별로 반드시 담당하여야 한다.나. 여러 교과목의 강의가 가능한 경우는 9시간까지 복수로 지원할 수 있다. 이 경우, 지원코드가 다를 경우에는 각각 입력하여야한다.다. 해당 교과목에 적격자가 없을 경우는 초빙하지 아니한다.라. 최종 초빙대상자로 확정된 경우라도 수강신청결과 수강인원이 적어 폐강 또는 합반되는 강좌의 경우에는 초빙 확정을 취소할 수 있다마. 교과목 해설이 필요한 경우는 본교 홈페이지 “강남대학교 요람”에 수록된 내용을 참고할 수 있다.바. 서류심사는 아래의 기준에 의하여 접수한 “지원서와 연구실적목록, 담당과목의 교수방법”에 의하여 이루어지니 정확하게 기재하여야 하며, 최종 초빙 확정된 후라도 기재내용이 허위로 판명될 경우 확정을 취소할 수 있다. 사. 이 공고에 명시되지 않은 사항은 본교에서 정한 기준에 따른다.아. 기타 문의사항은 학사지원팀(031-280-3544,3543)으로 문의하여 주시기 바랍니다.    공개초빙 과목보기                     시간강사 공개초빙 지원 창으로 가기        교 무 처 학 사 지 원 팀"
19,2015학년도 하계 계절수업 개설 희망과목 신청 안내,https://web.kangnam.ac.kr/menu/board/info/f19069e6134f8f8aa7f689a4a675e66f.do?scrtWrtiYn=false&encMenuSeq=c5dc4b1d7b4dd402e5e6a7a8471eb55c&encMenuBoardSeq=2d0e74bb1d77a210afe44739c0d25f6e,15.05.04,학사,공지사항,"2015학년도 하계 계절수업 개설 희망과목 신청 안내   2015학년도 하계 계절수업 수강 희망과목 신청기간 및 신청방법을 아래와 같이 안내하오니, 관심있는 학생들은 일정을 참고하여 기간내에 신청하시기 바랍니다  아 래  1. 계절수업 개설 희망과목 신청 기간：2015. 5. 11(월) ~ 2015. 5. 15(금)※ 수강희망 인원이 5명 이상인 과목에 한해 계절수업 수강신청 대상 교과목으로 결정함.  2. 계절수업 개설 희망과목 신청 방법： 웹(Web)을 통한 직접 입력 가. 학교 홈페이지 접속나. 홈페이지 우측 Event 배너 중 “계절수업 수강 희망원 접수” 배너 클릭다. “계절수업 희망 과목 신청” 메뉴 클릭후 로그인라. 본인이 원하는 과목을 조회하여 9학점 범위내에서 개설 신청* 홈페이지 우측의 Event 배너가 움직이므로 우측의 파란바를 누르면 “계절수업” 배너를 바로 확인 가능함. (배너는 5월 11일부터 홈페이지에서 확인 가능함)  3. 계절수업 수강 대상： 2, 3, 4학년 재학생. 단, 미래인재개발대학재학생은 1학년부터 가능  4. 계절수업 개설 대상 과목： 2015학년도 개설과목 중 교양 및 전공과목 단, 실험․실습․실기과목 중 “교육실습”, “현장실습”, “Pass/Fail교과목” 및 타교에서 개설한 컨소시엄 인터넷 교과목은 신청할 수 없음.  5. 신청학점： 9학점 이내  6. 수강료： 106,000원 × 수업시간 수  7. 하계 계절수업 일정가. 개설과목 확정 및 공고： 2015. 5. 20(수) 12:00 이후 홈페이지 공고나. 수강신청 기간： 2015. 5. 21(목) ~ 5. 27(수)[인터넷을 통한 수강신청]다. 등록 기간： 2015. 5. 29(금) ~ 6. 2(화)[가상계좌납부]- 전국 국민은행(교내 출장소 포함)에 마감시간(16:30) 전까지 납부라. 수업기간： 2015. 6. 22(월) ~ 7. 10(금)마. 성적확인 및 정정기간： 2015. 7. 16(목) ~ 7. 17(금)     2015. 5. 4.  교 무 처 학 사 지 원 팀 "
20,조기졸업 신청 안내,https://web.kangnam.ac.kr/menu/board/info/f19069e6134f8f8aa7f689a4a675e66f.do?scrtWrtiYn=false&encMenuSeq=c5dc4b1d7b4dd402e5e6a7a8471eb55c&encMenuBoardSeq=27a54487939214fd9af7d70e1f5de605,15.05.04,학사,공지사항,"조기졸업 신청 안내  조기졸업은 학업성적이 특히 우수한 학생을 선발하여 학칙에서 정한 학기당 최대 취득학점(2013학년도 이후 입학자 19학점, 2012학년도 이전 입학자는 21학점)에 3학점까지 초과하여 교과목을 이수할 수 있게 함으로서8학기 이전에 졸업할 수 있는 자를 선발하는 제도로서 조기졸업을 희망하는 학생은 기간 내에 신청하기 바랍니다.  - 아 래 -  1. 신청기간： 2015년 5월 18일(월) 10:00시 ～ 5월 22일(금) 24:00시, 5일간 접수2. 신청 대상： 2015학년도 1학기 현재 4학기 재학중인자 중 수강신청학점(계절수업 포함)을 포함하여 68학점이상(2012학년도 이전 입학자는 72학점 이상) 취득 예정인 자3. 신청방법가. 종합정보시스템 로그인 → 학적관리 → 조기졸업 선택 클릭나. 『조기졸업신청』버튼을 클릭 저장하여 신청을 완료4. 선발기준(다음 각호의 사항을 모두 충족한 자)가. 2015학년도 1학기 현재 4학기 재학중인 자나. 68학점 이상 취득한 자(단, 2012학년도 이전 입학자는 72학점 이상 취득)다. 4개학기 재학중 취득한 성적의 전체 평균평점 4.00 이상인 자5. 선발확정 및 발표 : 2015년 7월 24일(목)이전 확정 발표, 웹 종합정보에서 확인가능(SMS전송)6. 조기졸업신청대상 제외자 : 편입학자, 재입학자, 학칙 제56조에 의하여 징계 받은 학생7. 유의사항가. 조기졸업대상자로서 자격을 상실하였을 경우에는 일반학생과 동일하게 8개 학기 이상 등록을 필하여야 졸업할 수 있다.나. 자격을 상실하기 이전에 취득한 학점은 졸업학점에 포함하여 인정한다.     2015. 5. 4    교 무 처 학 사 지 원 팀"
21,전공이수 신청 및 전공이수 변경 신청 안내,https://web.kangnam.ac.kr/menu/board/info/f19069e6134f8f8aa7f689a4a675e66f.do?scrtWrtiYn=false&encMenuSeq=c5dc4b1d7b4dd402e5e6a7a8471eb55c&encMenuBoardSeq=2e82630ecee139d82183c728b76eb585,15.05.04,학사,공지사항,전공이수 신청 및 전공이수 변경 신청 안내  전공이수 신청 및 변경에 대하여 아래와 같이 안내하오니 신청 대상학생은 기간 내에 신청하시기 바랍니다.  - 아 래 -  1. 신청기간: 2015년 5월 18일(월) 10:00시 ～ 5월 22일(금) 24:00시 2. 신청대상: 2015-1학기 현재 2학기차 이상 재학 중인 자로서 아래 각 사항에 해당하는 자1) 2013학년도 이후 입학자： 심화전공/ 다전공 중 신청하지 않은 자 가. 학과제 입학생： 심화전공/ 다전공 중 선택  나. 학부제 입학생： 심화전공/ 다전공 중 선택 후 본인 주전공 선택2) 2012학년도 이전 입학자  가. 학부 소속 재학생  ① 제1전공을 신청하지 않은자(필수사항)  ② 복수전공(부/연계/개인자율설계 포함)을 희망하는 자(선택사항)  ③ 제1전공 및 복수전공(부/연계/개인자율설계 포함)을 신청한 학생 중 전공을 변경하고자 하는 자나. 학과 소속 재학생  ① 복수전공(부/연계/개인자율설계 포함)을 희망하는 자(선택사항)  ② 복수전공(부/연계/개인자율설계 포함)을 신청한 학생 중 전공을 변경하고자 하는 자 3. 신청방법: 본교 홈페이지 종합정보시스템을 통해 신청 4. 신청절차1) 종합정보시스템 로그인 → 학적관리 → 전공신청 선택 클릭2) 신청하고자 하는 제1전공을 선택하고 『전공신청 저장』버튼을 클릭하여 신청을 완료 5. 기타 문의사항은 본관 1층 학사지원팀(031-280-3440)으로 문의    2015. 05. 04.     교 무 처 학 사 지 원 팀
22,재학생 입영연기자를 위한 병역이행 안내문,https://web.kangnam.ac.kr/menu/board/info/f19069e6134f8f8aa7f689a4a675e66f.do?scrtWrtiYn=false&encMenuSeq=c5dc4b1d7b4dd402e5e6a7a8471eb55c&encMenuBoardSeq=271ebd998bd230a8b99559f414174b43,15.04.23,학사,공지사항,
23,[교외장학] 2015-1학기 사랑드림장학사업(삼성) 장학생 신청 안내,https://web.kangnam.ac.kr/menu/board/info/f19069e6134f8f8aa7f689a4a675e66f.do?scrtWrtiYn=false&encMenuSeq=41c4ba211ab06cbc003455e07441b4f8&encMenuBoardSeq=1313dad50c25fde229135a29c734bf3a,15.04.15,장학,공지사항,"[교외장학] 2015-1학기 사랑드림장학사업(삼성) 장학생 신청안내  한국장학재단에서는 학생들이 학업에 전념할 수 있는 환경을 조성하고, 우수한 인재로 양성하기 위하여 다음과 같이 2015-1학기 사랑드림장학사업(삼성)을 시행하오니 관심 있는 학생들은 기일 내에 신청하시기 바랍니다.   - 아 래 -  1. 사 업 명 :2015-1학기 사랑드림장학사업(삼성) 장학생   2. 신청대상구분주거안정 지원유형사회적 배려계층 지원유형선발인원3명1명장학금및 지원기간• 장학금액 : 학기당 120만원 (주거비 무상보조로 정액지원)• 지원기간 : 1년 (2015-1학기 ~ 2015-2학기)• 장학금액 : 학기당 150만원 (생활비 무상보조로 정액지원)• 지원기간 : 1년 (2015-1학기 ~ 2015-2학기)신청대상• 대한민국 국적 소지자로 정규학기 재학생• 대학 소재지 외 타지역 유학생• 2015-1학기 기준, 정규 잔여학기 2개학기 이상인 자• 대한민국 국적 소지자로 정규학기 재학생• 장애인, 새터민, 보육원 출신 등 사회적 배려계층• 2015-1학기 기준, 정규 잔여학기 2개학기 이상인 자신청자격• 직전 정규학기 취득학점 12학점 이상이수 • 직전 정규학기 백분위80점(3.0) 이상• 소득분위 3분위 이내(2015-1학기 국가장학금 소득분위)• 기숙사, 하숙(고시원), 월세로 거주하고 있는 학생• 직전 정규학기 취득학점 12학점 이상이수• 직전 정규학기 백분위80점(3.0) 이상•소득분위 3분위 이내(2015-1학기 국가장학금 소득분위)• 장애인, 북한이탈주민, 보육원 출신 학생선발방법(공 통)• 강남대학교 비지정외부장학생 선발기준에 의거 선발제외대상• 정규학기 초과자• 소득분위 4분위 이상 인 학생 (2015-1학기 국가장학금 소득분위)기타사항 • 현재 생활비 형식의 무상보조를 100만원 이상 받고 있는 학생 제외• 군입대, 출산, 어학연수, 교환학생 참가 등으로 휴학, 자퇴, 편입, 재입학 등 학적이 변경된 경우 장학생 탈락 및 해당학기 장학금 환수• 신청내용 및 증빙서류가 허위로 판명된 경우 장학생 탈락 및 전학기 장학금 환수  3. 제출서류 - (장학금 신청자는 제출할 서류를 확인 후 제출 바람)구분주거안정 지원유형사회적 배려계층 지원유형제출서류 가. 장학생 신청서-[붙임1]]나. 재학증명서다. 성적증명서라. 기숙사 고지서, 하숙(고시원)확인서, 전․월세계약서 중 1부※ 하숙(고시원)확인서는 [붙임2] 참조※ 기숙사 입실확인증 및 기숙사비 납부 영수증, 임대차계약서 등 필히 제출가. 장학생 신청서-[붙임1] 나. 재학증명서다. 성적증명서라. 장애인 증명서, 북한이탈주민 등록확인서, 보육원 출신 증명서[붙임3] 중 1부     ※ 학생이 주소지 이전한 경우, 부/모 명의 가족관계 증명서 및 주민등록등본 제출 ※ 서류제출일 기준 1개월 이내 발급된 서류만 유효   4. 서류제출 및 신청기간 가. 제 출 처 : 인문사회관 4층 404-1호 장학복지팀나. 신청기간 : 2015.04.15(수) ~ 2015.04.21(화)  학생처장"
24,[교외장학] 미래에셋박현주재단 제16기 미래에셋 해외 교환장학생 선발 안내,https://web.kangnam.ac.kr/menu/board/info/f19069e6134f8f8aa7f689a4a675e66f.do?scrtWrtiYn=false&encMenuSeq=41c4ba211ab06cbc003455e07441b4f8&encMenuBoardSeq=c823731722be4184e6d322658293112f,15.04.10,장학,공지사항,"[교외장학] 미래에셋박현주재단 제16기 미래에셋 해외 교환장학생 선발 안내  미래에셋박현주재단에서는 넓은 세계에서 다양한 학문적, 문화적 경험을 할 수 있는 교환학생 프로그램에 더 많은 한국의 대학생들(특히 경제적 여건이 어려운)이 참여할 수 있도록 기회를 제공함으로써 한국의 글로벌 인재 육성에 기여하고자 아래와 같이 제16기 미래에셋 해외 교환장학생을 선발하오니 해당 학생은 내용 확인하여 기일 내 신청하시기 바랍니다.  - 아 래 - 1. 사 업 명 :제16기 미래에셋 해외 교환장학생 선발 안내 (2015년도 가을학기)  2. 신청기간 및 제출처 가. 온라인신청 : 2015.04.14(화) 까지/ http://foundation.miraeasset.com나. 서류제출 :2015.04.17(금) 까지/ 인사관4층 404-1호 장학복지팀  3. 선발인원 :200명 내외  4. 지원 자격 :※ 아래 지원 자격을 모두 충족해야 지원 가능가. 대한민국 국적으로 4년제 정규대학에 재학중인 학부생이며, 기존 정규학기 중에 교환학생(또는 방문학생) 경험이 없는 자나. 2015년 가을학기 교환학생(또는 방문학생) 파견자격을 신규로 획득(또는 획득 예정)하여 해외 대학으로 파견기간 동안 모교의 재학상태를 유지하고 파견교에서 이수한 학기와 학점을 모두 인정받을 수 있는 자 (파견국가 제한 없음)다. 전공 : 상경계열, 인문사회계열(어문계열 포함), 이공계열 학부 재학생라. 직전학기와 총평점 3.5이상인 자(* 반드시 동시 충족 및 반올림 불가) ※ 직전학기는 2014년 2학기 성적이며, 휴학생은 휴학 직전의 정규학기 성적.※ 편입생의 경우 현재 재학 중인 모교 성적을 기준으로 한다. 마. 한국장학재단 소득분위 8분위 이내 - [참조2] 필히 확인  5. 지원 불가 가. 대학원생, 외국인 (또는 외국국적 소지자)나. 해외 교환(또는 방문학생) 有경험자※ 판단기준 : 지원자 성적표에 해외 대학에서 이수한 학점이 있는지 여부 다. 현재 해외 대학에 파견된 자 및 인턴십(무급 포함)은 학기와 학점이 인정되어도 지원 불가라. 인턴십(무급 포함)은 학기와 학점이 인정되어도 지원 불가 마. 예체능 및 의·약학·수의학계열바. 성적 미달자는 예외사유 없이 자동으로 심사 제외  6. 선발절차- 1차 대학, 2차 미래에셋 심사 후 서류전형으로 선발 (면접 절차 없음)온라인지원서작성/출력 및 제출➡1차 심사(대학교)➡2차 심사(미래에셋)➡합격자 발표(홈페이지)  7. 선발일정 :제16기 해외 교환장학생 선발일정일정구분비고04.14(화) 까지온라인 지원온라인지원/출력 후 학교 제출4월말 ~ 5월말1, 2 차 심사  6.9(화)합격자 발표온라인 개별 확인6.22(월)수여식 및 OT백범김구기념관(서울 효창동 위치)7월초장학금 지급미래에셋 → 각 학교※ 상기 일정은 사정에 따라 변경될 수 있음 ※ 장학생 합격자는 수여식에 반드시 참여해야 하며, 무단 불참시 합격 취소 됩니다. ※ 장학생 합격자는 수여식에 반드시 참여해야 하며, 무단 불참시 합격 취소 됩니다.  8. 제출서류구분제출서류명비고필수제출 서 류(공 통)1) 장학생지원신청서 1부 온라인 작성 후 출력2) 자기소개서 1부온라인 작성 후 출력3) 대학교 전학년 성적증명서 원본 1부 (편입생의 경우, 전적대학 성적증명서 포함)본교 서비스행정실경제적여건Case1해당자4) 소득분위확인서류 (2015-1학기 소득분위 기준): 한국장학재단 홈페이지 (http://www.kosaf.go.kr)로그인 >사이버창구 >소득분위소득분위확인 메뉴 (지원자본인의인적사항과소득분위가포함이되도록화면인쇄)한국장학재단경제적여건Case2해당자5) 한국장학재단의 소득분위 확인이 불가능한자의 경제적 여건증명 (가~마)가. 부/모의 2013년 연소득 증빙자료 (부/모 명의 각 1부)나. 세대주의 건강보험자격확인서(또는 건강보험증 복사본) 및 최근 3개월분(2015.1~2015.3) 건강보험료 납부확인서 각 1부 다. 부/모의 2014년 지방세 세목별과세(납세)증명서 각 1부 (부/모 명의 각 1부)라. 부/모 개인정보활용동의서 1부 (지정양식 출력 후 부/모 서명)바. 가족관계증명서 복사본 1부 ※ 주민등록등본에 부/모/본인이 모두 등재된 경우, 등본 제출 인정 마. 혼인관계증명서 1부 (부모님 이혼 경우에만 제출)⇒ 가. ~ 라. 에 해당하는 서류는 부/모의 자료를 모두 각각 제출해야하며, 부모님 이혼 또는 사망의 경우 현재 본인을 부양하고 있는 부양자의 증빙서류만 제출하면 됨 (자세한 내용은 [참조2] “경제적 여건 계산법”을 참고할 것)  추가서류(해당자)6) 봉사활동 증명서 복사본 각 1부 (국내 누적봉사활동 100시간 이상 해당자)※ 인정기간 : 대학입학 이후 (휴학기간 포함)※ 헌혈의 경우 1회 1시간으로 인정함※ 종교기관(교회, 절 등) 봉사활동은 인정하지 않음  7) (본인 또는 부/모) 기초생활수급자 및 차상위계층 증명 서류 1부※ 발급처 : 주민센터, 국민건강보험공단  8) 본인, 부모, 형제, 자매 중 장애인이 있는 경우 (이 외 가족은 인정하지 않음)- 장애인증명서 1부- 가족관계증명서(부 또는 모 기준으로 발급) 복사본 1부   9) 다자녀가정(본인을 포함하여 형제/자매가 3명 이상인 경우)- 가족관계증명서(부 또는 모 기준으로 발급) 복사본 1부  ※ 1) ~ 2) 양식은 온라인을 통하여 작성/출력 후 상기 순서대로 증빙서류와 함께 학교로 제출※ 모교에서 지원자격, 증빙서류 확인 등 1차 심사를 거치므로 미래에셋으로 개별 접수 불가※ 접수된 서류는 반환하지 않으며, 잘못된 서류 제출 및 누락에 대한 불이익은 지원자가 감수  9. 장학금 지급 기준가. 미주/유럽/기타지역 : 700만언 나. 아시아지역 : 500만원  10. 장학금 지급 중지 및 장학금 회수 사유가. 선발 구비 서류 등을 허위로 작성하여 제출하는 경우나. 특별한 사유 없이 의무사항 (수여식 참석, 학업결과 및 성적표 제출 등))을 이행하지 않는 경우다. 장학금 수혜기간 중 학업성적이 만점기준 75점미만인 경우 라. 모교 및 파견 대학의 학칙에 의해 징계처분을 받는 경우마. 휴학한 경우바. 파견기간 동안 교환학생 파견 조건으로 지원되는 타 기업 또는 재단 장학금을 수혜 받은 자(단, 모교/파견교/정부/타기관의 성적/저소득/포상/근로 장학금 등은 중복수혜 인정)사. 기타 사무국이 그 필요성을 인정하는 경우   11. 장학생 의무사항가. 장학생 서약서 작성 (장학증서 수여식 현장에서 작성)나. 매 학기 종료 후 학업결과 및 성적표 제출 다. 한 학기 기본이수학점(12학점)이상 취득하여야 함 (1학점은 파견교 기준 주1시간 수업을 의미)라. 장학증서 수여식 및 필요 행사 참석마. 장학생 커뮤니티 ‘희망스토리’ (네이버카페) 가입 및 리포트 작성1) 파견학교 소개 (파견 후 2개월 내 1회)2) 글로벌 Report (파견 기간 중 1회)  12. 기타 문의가. 미래에셋 장학생 홈페이지 : http://foundation.miraeasset.com나. 이메일 : student@miraeasset.com다. 미래에셋 장학생 커뮤니티 “희망스토리”(http://cafe.naver.com/miraessethope)라. 전 화 : 02-31271-5744/5745 (오후 2시 ~ 5시)    (재)미래에셋박현주재단이사장"
25,2015년 총동문회 초청 해외현장체험 장학생 선발 안내,https://web.kangnam.ac.kr/menu/board/info/f19069e6134f8f8aa7f689a4a675e66f.do?scrtWrtiYn=false&encMenuSeq=41c4ba211ab06cbc003455e07441b4f8&encMenuBoardSeq=b74046d92e3db5fc132e6c6596ceae16,15.04.10,장학,공지사항,"2015년 총동문회 초청 해외현장체험 장학생 선발 안내 1. 행 사 명 : 총동문회 초청 해외현장체험  2. 행사목적- 재학생들의 해외견문을 넓히고 전공분야의 현장교육을 통한 교육의 기회 제공- 동문선배와의 결속력 강화와 동문회 및 모교에 대한 자긍심 고취- 산업연수와 문화탐방을 통한 선배와 재학생 간의 멘토∙멘티로서의 관계 형성- 행사 참여자 간의 교류협력을 통해 미래 총동문회 구심점으로서의 역할 형성  3. 행사개요1) 탐방기간 : 2015년 6월29(월)부터 7월 3일(금), 4박 5일2) 탐방장소 : 일본 교토, 오사카, 고베 일대 및 동문기업 “고향의 집” 현장체험연수3) 진행절차신청서접수 → 1차 서류전형 → 2차 면접전형 → 장학생선발 → 사전교육 → 해외현장체험 → 보고서제출 → 결과보고 및 평가회 4) 행사주최 : 강남대학교 동문지원국, 강남대학교 총동문회  4. 장학생 선발개요1) 서류접수기간 : 2015.04.06(월)~2015.05.01(금) 오후 5시까지 동문지원국 본관 303호 본인이 직접 제출2) 선발예정인원 : 15명 내외(학부 5학기 이상 등록한 3학년, 대학원 2학기 이상 재학생)3) 장학금지급액 : 장학생 1인당 장학금 129만원(항공료 및 숙박비) 4) 기타경비지원 : 현장체험에 따른 공통 소요 경비는 총동문회에서 전액 지원  5. 기타사항 ① 장학생 선발요건 및 행사진행에 관한 자세한 사항은 첨부파일 장학금신청안내문을 참고하시기 바랍니다.② 장학금신청서류는 첨부파일의 지정된 양식 및 작성기준을 꼭 지켜 제출바라며, 이외의 증빙서류는 일체 접수하지 않습니다. ③ 행사문의처 : 동문지원국 전화 031-280-3130~1   "
26,[국가장학] 2015학년도 국가우수장학금(이공계) 수능우수유형 신규(신입생) 신청 안내 ,https://web.kangnam.ac.kr/menu/board/info/f19069e6134f8f8aa7f689a4a675e66f.do?scrtWrtiYn=false&encMenuSeq=41c4ba211ab06cbc003455e07441b4f8&encMenuBoardSeq=6fe78f3a7c2064f920d8f5ca63fecb86,15.04.09,장학,공지사항,"[국가장학] 2015학년도 국가우수장학금(이공계) 수능우수유형 신규(신입생) 신청 안내   2015학년도 한국장학재단 국가우수장학금(이공계) 수능우수유형 신규(신입생) 신청을 아래와 같이 안내하오니 해당 학생들은 신청하시기 바랍니다.  - 아 래 -  1. 신청자격 가. 2015년도 수능성적이 있는 학생의 경우 대학입학유형(수시입학 또는 정시입학 등)과 관계없이 지원 가능나. 대한민국 국적자로써 2015학년도 공학계열 학부/학과 입학한 자2. 신청구분 및 장학생 선발기준 (대학수학능력시험 성적우수 유형)구분우선순위수학(A/B형)과학탐구영역(2개 과목)수도권대학1순위1등급1등급+1등급 또는 1등급(과학II)+3등급이내2순위1등급1등급+3등급이내* 1순위: 대학수능학능력시험 영역별 등급조건 충족 우수자* 2순위: 1순위 신청자가 선발 규모를 미달하는 경우에 한하여 추가적으로 선발3. 선발방법 : 신청기준을 충족한 인원 중 수능 영역별 백분위 합산 점수 상위자 순으로 선발※ 수학A/B 유형별로 세부 선발기준을 적용하여 각각 선발 ※ 이공계 우수 장학생의 기본 취지를 고려하여 수학B형 응시자 위주로 장학생 선발 4. 신청절차 및 일정 가. 학생신청 : 2015.04.15(수) 18:00 까지나. 서류제출 : 2015.04.16(목) 18:00 까지 ※ 학생 신청시 본인명의의 공인인증서 반드시 필요 (공인인증서는 은행에서 발급)※ 온라인 신청은 반드시 마감기한 내에 완료하여야 함※ 마감시간이 임박하면 접속과다로 인한 통신장애의 우려가 있으므로, 시간적 여유를 가지고 신청하시기 바람다. 합격자 발표 : 6월초 예정 (일정은 변동 가능)5. 제출서류가. 2015년도 대학수학능력시험 성적표 1부 (2014년도 수능응시생)※ 반드시 대학수학능력시험 성적증명서 시스템 - (http://csatscorecard.kice.re.kr/scoreWeb/index.jsp)에서 발급받은 성적증명서 제출나. 서류 제출처 : 인문사회관 4층 404-1호 장학복지팀※수능성적증명서 상단에 (국가우수장학금 이공계/인문사회계 신청)및 본인 학과,학번을 기재하여 제출※ 온라인 학생신청 시 “대학수학능력시험 성적증명서 시스템”에서 발급 받아 문서확인번호가 존재하는 수능 성적증명서 업로드 필수 (jpg 또는 pdf 파일로 변환 업로드)※ 대학수학능력시험 성적증명서는 2015년 3월 1일 이후에 발급 받은 서류만 인정 6. 지원규모가. 지원기간 : 학부과정 중 최대 4년(정규 8학기)까지나. 지원금액 : 매학기별 등록금(입학금,수업료) 전액 / 단, 기타경비 제외다. 기초수급자 생활비 지원 : 학기당 180만원 (학기별 기초생활수급자 자격 충족자) 7 . 기타사항 가. 자세한 사항은 업무처리기준 참조 ※ (메뉴) 한국장학재단 홈페이지 - 고객센터 - 공지사항 - 장학금 - 국가우수장학금(이공계) - 공지번호 22번나. 이공계 지원 특별법에 의거한 환수 ※ 수학을 중단하거나 대통령령으로 정하는 이공계 이외의 분야로 전공 변경할 경우 또는 이공계의 산·학·연에 종사하지 않을 경우 지급된 장학금을 관계 법령에 따라 환수8. 문의처 : 한국장학재단 1599-2000  한국장학재단"
27,[지식멘토링] 2015학년도 경기도 다문화·탈북학생 멘토링(교육지원사업) 장학생 신청 안내,https://web.kangnam.ac.kr/menu/board/info/f19069e6134f8f8aa7f689a4a675e66f.do?scrtWrtiYn=false&encMenuSeq=41c4ba211ab06cbc003455e07441b4f8&encMenuBoardSeq=5f7fa2e94d5e36e625495df8d885b549,15.04.03,장학,공지사항,"[지식멘토링] 2015학년도 경기도 다문화·탈북학생 멘토링(교육지원사업) 장학생 신청 안내  대학생에게 경기도 다문화 가정 및 탈북학생에﻿ 대한 이해심 및 봉사의식을 제고하고 장학금을 지원함으로써 등록금 및 생활비 부담을 경감시켜주기 위하여 2015학년도 다문화·탈북학생 멘토링(교육지원사업) 장학생 신청을 아래와 같이 모집하고자 하오니 해당 학생들은 기간 내에 신청하시기 바랍니다.   - 아 래-    1. 사 업 명 :2015학년도 경기도 다문화·탈북학생 멘토링2. 사업목적가. 초·중·고교 다문화·탈북학생의 학교생활 적응 강화 및 학습지도를 통한 기초학력 향상 나. 대학생의 다문화 감수성 및 봉사의식 제고 다. 대학생의 등록금 및 생활비 부담 경감 3. 신청자격 가. 대한민국 국적을 소지한 대학생나. 정규학기 재학생※ 2015년 8월 졸업예정자 제외 다. 1년간 지속적으로 멘토링 활동이 가능한 자4. 신청일정 및 선발절차 가. 학생 신청 및 서류 제출 기간 : 2015.04.06(월) ~ 2015.04.16(목)※ 상기일정은 변동 될 수 있음나. 서류 제출 장소 : 장학복지팀 (인문사회관 4층 404-1호)다. 장학생 선발 : 2015.4월 중(개별 연락)라. 장학생 사전교육 : 선발 된 장학생 개별 연락 ※ 장학생 사전교육 필히 참석 - 미참석시 장학생 자격 박탈5. 신청방법 가. 다문화·탈북학생 멘토링 신청서(1부)와 지도교수 추천서(1부) 장학복지팀(인문사회관4층 404-1호)에 제출 나. 장학생 선발 후 별도의 안내문자 또는 전자메일 수신 후 한국장학재단에 온라인 신청 ※ 강남대학교 홈페이지 종합정보시스템에 연락가능한 연락처와 메일주소 입력 바람다. 온라인 신청 후 배움지기(멘티) 매칭 후 다문화·탈북학생 멘토링 진행 6. 제출서류 가. 경기도 다문화·탈북학생 멘토링 신청서 - [붙임1]※ 희망지역 용인, 광주, 이천, 여주 지역 우대 (세부적으로 작성)※ 신청서 공란 없이 모두 작성 나. 지도교수 추천서 - [붙임1]※ 지도교수 추천 필수7. 모집인원: 미정※ 신청인원과 재단배정인원에 따라 선발인원 확정※ 모집인원은 예산 배정에 관련되어 조정 될 수 있음8. 지원내용 : 경기도 다문화·탈북학생 멘토링 근로장학금 지급가. 시급단가 : 도시 12,500원 / 농어촌 15,000원 / 온라인 9,500원 ※ 도시/농어촌 구분은 배움지기(멘티) 학교 소재지 기준 ※ 1인당 근로시간은 1일 최대 4시간, 1주 최대 10시간(방학 중20시간)으로 제한※ 주당 2시간 이상 활동 권고※ 10시간 미만 활동 멘토는 장학금 미지급※ 1인당 연간 150시간 내외 활동 가능나. 한국장학재단 이사장 명의의 활동확인서 발급 (100시간 이상 활동 시)9. 장학생 활동 기간 : 2015.5월 경 ~ 2016.1월 말 까지※ 멘티기관(초·중·고교)과 배움지기(멘티) 매칭은 학교에서 직접 진행10. 장학금 지급방법 가. 나눔지기(멘토) 장학생 선발 후 활동시간에 대해 한국장학재단 온라인 출근부 작성 및 수기출근부 작성 나. 매월 초 근로기관(초·중·고교)에서 수기출근부 확인 후 기관 또는 학생이 학교로 출근부 제출 다. 수기출근부 확인 후 학생 본인 명의의 계좌로 장학금 송금 (매월 20일 경) 11. 활동장소 : 배움지기(멘티)의 소속 학교 ※ 학교에서 어려울 경우 지역 주민센터, 다문화지원센터, 지역아동센터 등 공공장소를 권장 ※ 학교나 공공장송에서 멘토링이 어려운 경우, 담당교사 및 학부모의 동의하에 배움지기(멘티) 가정에서 가능12. 활동내용가. 다문화·탈북학생의 학습지도를 통한 배움지기(멘티)의 기초학력 신장나. 진로지도 및 고민상담, 문화체험 기회 제공을 통한 사회적응 지원 등 배움지기(멘티)의 성장을 도울 수 있는 모든 활동 13. 유의사항가. 멘토링장학금은 재단의 학자금대출, 국가장학금, 교내장학금 등과 중복으로 수혜 가능함※ 단, 국가근로장학금, 청소년교육지원사업과 중복으로 참여가 가능하나 본 사업과 활동시간의 중복이 없어야 함 나. 재단 또는 대학이 제시하는 서류 제출 기한 엄수다. 허위 서류제출자, 부정근로 제재※ 제출 서류의 위변조 등 허위 자료 제출 또는 이중수혜 적발 시, 해당자의 사업 참여를 중지하고 국가근로, 청소년교육지원사업, 다문화멘토링 참여 제한자로 분류 및 장학금 환수라. 강좌이수조건, 졸업이수조건, 교직이수조건 등을 목적으로 하는 활동으로 본 사업에 참여할 수 없으며 봉사활동인증서 발급 불가마. 멘토링 1주일의 기준은 ‘월요일 ~ 일요일’으로 정함바. 나눔지기(멘토) 자격 박탈※ 나눔지기(멘토)의 신청내용 및 제출서류가 허위로 판명될 경우※ 정학 및 퇴학 등 학사징계를 받은 경우※ 자퇴, 제적 등으로 학생 신분을 상실한 경우※ 근무태도 불량으로 근로기관으로부터 민원이 발생하는 경우    학 생 처 장"
28,[국가근로] 2015-1학기 청소년교육지원사업 장학생 신청 안내,https://web.kangnam.ac.kr/menu/board/info/f19069e6134f8f8aa7f689a4a675e66f.do?scrtWrtiYn=false&encMenuSeq=41c4ba211ab06cbc003455e07441b4f8&encMenuBoardSeq=14e07e8739519898159b782795f80730,15.03.27,장학,공지사항,"[국가근로] 2015-1학기 청소년교육지원사업 장학생 신청 안내  대학생에게는 지식과 경험을 근로의 형태로 나눌 수 있는 기회를 제공하고, 등록금 및 생활비 부담을 경감할 수 있도록 장학금 지급을 하며 저소득층 가정의 학생들을 지원함으로써 사회의 양극화 현상을 완화하고, 사회적으로 지식 나눔 문화 확산을 위하여 2015-1학기 청소년교육지원사업을 아래와 같이 모집하고자 하오니 해당 학생들은 기간 내에 신청하시기 바랍니다.  - 아 래 -  1. 신청자격 가. 대한민국 국적을 소지한 대학생 나. 정규학기 재학생※ 휴학생, 졸업생, 조기취업자, 산업체 위탁생, 시간제 등록생, 평생교육시설 등록생 제외 다. 직전학기 2.0 이상인 자※신입생, 편입생은 성적기준 없음  2. 신청일정 및 선발절차 가. 학생 신청 및 서류제출 : 2015.03.30(월) ~ 04.10(금) 까지- 장학복지팀 (인문사회관 4층 404-1호) 나. 장학생 선발 : 2015.04.15(수) 개별 SMS 발송다. 장학생 사전교육1) 1차 사전교육 : 2015.04.16(목) / 장소 개별문자 발송2) 2차 사전교육 : 2015.04.17(금) / 장소 개별문자 발송※ 장학생은 1차 또는 2차 사전교육 필히 참석 요망(1차 또는 2차에 한번만 참석)※ 1차 또는 2차 사전교육 불참시 장학생 선발 제외  3. 제출서류 - 서류를 제출하였다고 해서 선발되는건 아니기 때문에 기관에도 공지하기 바람.가. 대학생 청소년교육지원사업 신청서- [붙임1]※ 소속학부/학과 지도교수 추천 필수※ 온라인 신청시 신청서 업로드 필수나. 청소년교육지원사업 활동계획서- [붙임2]※ 기재사항은 빠짐없이 작성해야 하며, 거짓으로 작성할 시 향후 장학생 선발에 패널티 부여※ 총 활동시간 및 요일별 활동 시간은 기관과 미리 협의 후 실제 활동할 시간을 작성※ 활동계획서는 서류제출 전 스캔파일을 저장하여 향후 장학생 선발 후 한국장학재단에 스캔파일 업로드다. 청소년교육지원사업 기관등록신청서- [붙임3]※ 기존에 근로기관도 신규로 기관등록신청서 작성 후 제출 4. 모집인원: 50명※ 모집인원 초과 시 기사업참여자 및 저학년 우선선발 ※ 하계방학 기간 중에 대학생 청소년교육지원사업을 희망하는 학생도 위의 기간내에 신청※ 모집인원은 변동 될 수 있음 5. 신청방법 - [참조1]확인가. 제출서류를 준비하여 인문사회관 4층 404-1호 장학복지팀에 제출 나. 한국장학재단 (http://www.kosaf.go.kr) 접속 후 사이버창구>장학금 신청>대학생 청소년교육지원사업에 온라인 신청 ※ 반드시 본인이 제출한 서류에 있는 기관을 선택하여 신청 ※ 한국장학재단 온라인 신청을 하지 않을 경우 장학생 미 선발 됨에 유의 다. 장학생 선발 후 스캔파일로 저장한 활동계획서 업로드  6. 지원내용가. 장학금액 : 시급 9,500원 - 1인당 최대 120시간으로 총 1,140,000원※ 1인당 근로시간은 1일 최대 4시간, (1주 최대 학기 중 : 10시간 / 방학 중 : 20시간)으로 제한 ※ 10시간 미만 활동 멘토는 장학금 미지급나. 재단 이사장 명의의 활동확인서 발급 다. 우수사례 공모 및 시상 등 7. 멘티기관 안내 :전국 초·중·고교, 지역아동센터, VMS·1365(정부인증포털)에 등록되어 있는 시설로 제한함- 학생 본인이 직접 활동할 근로기관을 발굴하여 신청서에 작성 후 제출- 전국 초·중·고교, 지역아동센터(www.icareinfo.info), VMS(www.vms.or.kr)· 1365(www.1365.go.kr)에 등록되어 있는 시설※ 학교 및 지역아동센터에서의 멘토링 활동 권장※ 멘토 1인당 멘티 최소 1인에서 최대 5명 이내로 구성 권장구분지역학교명모집인원연락처비고초등학교용인용천초등학교5명031-333-2835  중학교성남태평중학교3명070-7734-8739   8. 활동내용가. 저소득층 중심으로 국어·영어·수학 등 교과목 학습지도 및 예체능 지도 등 특기적성 교육 나. 진로지도 및 고민상담, 자기주도 학습법 및 학습 동기부여 활동 등※ 멘토링 활동 중 대학탐방, 문화체험(영화관, 박물관 등) 등의 특별활동 가능 - 단 기관 승인시 가능※ 활동 내용은 초·중·고교생을 직접 대상으로 하는 학습지도·진로상담 등의 멘토링 활동으로 제한하며 멘티기관 업무보조(단순노무) 등의 활동은 인정하지 않음 9. 유의사항가. 교육지원근로장학금은 재단의 학자금대출, 장학금, 국가근로장학금, 교내장학금 등과 중복으로 수혜 가능함※ 단, 국가근로장학금과 중복으로 참여가 가능하나 본 사업과 활동시간의 중복이 없어야 함 나. 기존 타기관 등으로부터 금전적인 지원 또는 봉사인증서 등을 제공받으며 활동을 하고 있는 경우, 동일한 내용으로 ‘대학생 청소년교육지원사업’을 신청할 수 없음 ※ 단, 기존 활동 외에 신규로‘대학생 청소년교육지원사업’에 참여 가능※ 국가근로장학사업과 본 사업에 동시에 참여하는 경우, 동일기관에서 활동할 수 없음다. 재단 또는 대학이 제시하는 서류 제출 기한 엄수라. 허위 서류제출자, 부정근로 제재※ 제출 서류의 위변조 등 허위 자료 제출 또는 이중수혜 적발 시, 해당자의 사업 참여를 중지하고 교육기부사업 참여 제한자로 분류 및 장학금 환수마. 강좌이수조건, 졸업이수조건, 교직이수조건 등을 목적으로 하는 활동으로 본 사업에 참여할 수 없으며 봉사활동인증서 발급 불가바. 장학금은 제출한 출근부의 총 활동시간에 대해서 시간단위로 지급사. 멘토링 1주일의 기준은 ‘월요일 ~ 일요일’으로 정함아. 나눔지기(멘토) 자격 박탈※ 나눔지기(멘토)의 신청내용 및 제출서류가 허위로 판명될 경우※ 정학 및 퇴학 등 학사징계를 받은 경우※ 자퇴, 제적 등으로 학생 신분을 상실한 경우※ 근무태도 불량으로 근로기관으로부터 민원이 발생하는 경우    학 생 처 장"
29,2015학년도 1학기 인정학점 승인 확정 안내,https://web.kangnam.ac.kr/menu/board/info/f19069e6134f8f8aa7f689a4a675e66f.do?scrtWrtiYn=false&encMenuSeq=c5dc4b1d7b4dd402e5e6a7a8471eb55c&encMenuBoardSeq=8fa953be9cb25cd9cece56329b6f5f81,15.03.25,학사,공지사항,2015학년도 1학기 인정학점 승인 확정 안내     1. 확인방법학교 홈페이지 접속→ 홈페이지 하단 「종합정보시스템」 바로가기 클릭 → 「성적관리」 클릭 → 「인정학점취득신청」 클릭 → 「인정학점 취득 신청내역」 “처리상태”에서 확인  2. 기타※ 인정학점 승인된 교과목은 출석하지 않아도 됨.     2015년 3월 25일 교 무 처 학 사 지 원 팀
30,[교외장학] 2015-1학기 우종구기탁장학금 장학생 신청 안내,https://web.kangnam.ac.kr/menu/board/info/f19069e6134f8f8aa7f689a4a675e66f.do?scrtWrtiYn=false&encMenuSeq=41c4ba211ab06cbc003455e07441b4f8&encMenuBoardSeq=bc7545b6a38aeca83f15fab2f1470844,15.03.25,장학,공지사항,"[교외장학] 2015-1학기 우종구기탁장학금 장학생 신청 안내  강남대학교의 발전 및 재학생들의 학업신장을 위하여 대학발전기금이 기탁되어 아래와 같이 장학생을 모집하고자 하오니 해당 학생들은 기일내에 신청하여 주시기 바랍니다.   - 아 래 -  1. 장학금명 : 2015-1학기 우종구기탁장학금  2. 신청기간:2015.03.25(수) ~ 2015.04.02(목) 17:00 까지  3. 서류제출처 : 인문사회관 4층 404-1호 장학복지팀  4. 신청자격가. 강남대학교 재학생으로 정규학기 재학생 나. 장애등급 1~3급 이내인 자다. 2015-1학기 등록금 실 납부액이 2,000,000원 이상인 자※ 실 납부금액 = 등록금액 - 장학금액   5. 선발방법 가. 상기 신청자격 확인 후 장애등급이 높은 자 나. 장애등급이 동일할 경우 2015-1학기 국가장학금 소득분위 낮은 자다. 국가장학금 소득분위가 동일할 경우 등록금 실 납부금액이 높은 자  6. 제외대상 가. 강남대학교재학생으로 정규학기 재학생이 아닌 자 나. 2015-1학기 등록금 실 납부액이 2,000,000원 미만인 자   7. 장학생 선발인원 및 장학금액가. 선발인원 : 2명 나. 장학금액 : 2,000,000원(1인당)  8. 제출서류 가. 장학금 신청서 1부 - 붙임참조※ 추천인의 학부/학과장님 추천 필수나. 재학증명서 1부 다. 성적증명서 1부라. 장애인 증명서 1부   9. 문의 :장학복지팀 031-280-3547   학생처장"
31,2015-1학기 전공이수 설명회 개최 안내,https://web.kangnam.ac.kr/menu/board/info/f19069e6134f8f8aa7f689a4a675e66f.do?scrtWrtiYn=false&encMenuSeq=c5dc4b1d7b4dd402e5e6a7a8471eb55c&encMenuBoardSeq=ce72a05de3f114b29ae2846dbfb619ce,15.03.23,학사,공지사항,"2015-1학기 전공이수 설명회 개최 안내  1. 설명회 개최 사유 : 2013학년도 신입생부터 심화전공자와 다전공자의 전공이수 학점의 차이가 발생함에 따라 해당 내용에 대한 지도를 통 하여 졸업후까지의 미래설계를 통한 전공이수요건을 선택 할 수 있도록 하기 위함.  2. 설명회 개최 일정 - 1, 2, 3차 설명회 중 가능한 시간 참석.가. 1차 : 1,2학년(주간) 2015.03.24(화), 03.26(목) 15:40-16:40 - 채플 종료후 나. 2차 : 1,2학년(주간) 2015.03.31(화), 04.02(목) 15:40-16:40 - 채플 종료후다. 3차 : 1,2학년(야간) 2015.03.24(화) 20:00 - 채플 종료후   3. 장 소： 우원관 1층 대강당  4. 참석대상： 2013-2015학년도 입학생    2015. 03. 19  교 무 처 장"
32,2014학년도 후기 졸업종합평가 세부 계획 안내,https://web.kangnam.ac.kr/menu/board/info/f19069e6134f8f8aa7f689a4a675e66f.do?scrtWrtiYn=false&encMenuSeq=c5dc4b1d7b4dd402e5e6a7a8471eb55c&encMenuBoardSeq=e8e33402bc96cb5f41e6eaade23839d8,15.03.23,학사,공지사항,2015년 8월 졸업자 졸업종합평가 학부(과)별 세부 계획 안내  2015년 8월 후기 졸업자에 대한 졸업종합평가가 붙임과 같이 진행될 예정이오니 졸업예정 학생들은 학부(과)별세부 일정을 참조하시어 졸업종합평가 이수에 착오 없으시기 바랍니다.    2015. 03. 23  교 무 처 학 사 지 원 팀
33,[공모전] 제7회 정부지원학자금 수기공모전 안내,https://web.kangnam.ac.kr/menu/board/info/f19069e6134f8f8aa7f689a4a675e66f.do?scrtWrtiYn=false&encMenuSeq=41c4ba211ab06cbc003455e07441b4f8&encMenuBoardSeq=160630d4d2d82271407db88e22a507cf,15.03.18,장학,공지사항,"[공모전] 제7회 정부지원학자금 수기공모전 안내 한국장학재단에서는 경제적 여건 때문에 학업을 중단하는 학생들이 없도록 하기 위해 국가장학금을 포함한 다양한 장학제도와 함께 정부지원 학자금대출을 지원하고 있습니다. 당 재단에서는 정부지원 장학금(국가장학금, 근로장학금 포함)과 학자금대출 제도의 저변을 확대하고 대학생들에게 희망의 메시지를 전파하기 위해 “제7회 정부학자금지원 수기공모전”을 아래와 같이 안내하오니 관심 있는 학생들은 기간 내에 신청하시기 바랍니다.   - 아 래 -  1. 사 업 명 : 제7회 정부학자금지원 수기공모전  2. 대상자 가. 한국장학재단의 장학금(국가장학금, 근로장학금 포함)의 수혜를 받았거나, 일반 및 든든학자금대출 수혜를 받은 학부 및 대학생(2015.4월 현재) 및 그 학생의 학부모나. 학생부문 : 위 공모자격에 결격사유가 없는 자 ※ 기초생활수급자는 일반부문 지원 대상임다. 학부모부문 : 위 공모자격에 결격사유가 없는 자의 학부모 ※ 최종 심사 통과자는 증빙서류를 반드시 제출해야 함 3. 주제 : ‘꿈과 희망, 그리고 미래’※ 정부에서 지원하는 국가장학금 및 근로장학금, 학자금 대출 등을 지원받아 스스로 자기의 미래를 설계하고 개척한 노력사례 및 등록금 부담 감면 성공사례 4. 시상내역 가. 종합대상 : 장학금 300만원 및 부총리상장 나. 학생부문 1) 최우수상(1인) : 장학금 150만원 및 부총리상장 2) 우수상(2인) : 장학금 80만원 및 상장 3) 장려상(4인) : 장학금 35만원 및 상장 다. 학부모 부문1) 최우수상(1인) : 장학금 150만원 및 부총리상장 2) 우수상(2인) : 장학금 80만원 및 상장 3) 장려상(4인) : 장학금 35만원 및 상장  5. 응모일정 가. 접수기간 : 2015.03.23(월) ~ 04.14(화)나. 심사일정 : 2015.04.15(화) ~ 04.29(수)다. 최종결과 발표 : 2015.04.30(목) / 홈페이지 공지 및 개별 통지  6. 제출방법 가. 제출양식 : 아래 접수 바로가기의 부문별 양식에 작성 후 제출 나. 권장분량 : 한글 2,000 ~ 4,000자 이내다. 접 수 : 홈페이지 (www.kosaf.go.kr) > 스마트존 > Review > 공모전 지원 ※ 바로가기 : http://www.kosaf.go.kr/ko/sg.contest.do 7. 유의사항 가.접수 시 학생부문과 학부모부문을 필히 구분하여 지원하는 분야에 접수(지원분야 미구분에 따른 불이익이 있을 수 있음)나. 본문내용은 첨부 참조 등으로 간단 기재하시고, 공모양식 작성한 첨부파일 업로드 후 “신청하기” 클릭 시 접수 완료다. 최종심사 합격자는 추후 증빙서류를 제출- 학생 : 재학증명서 및 신분증 사본 - 학부모 : 가족관계증명서 및 자녀의 재학증명서, 신분증 사본라. 입상작에 대한 모든 저작권은 한국장학재단에 귀속마. 시상금은 제세공과금을 사전 공제하고 지급함바. 수상여부와 관계없이 응모한 작품에 대한 반환, 비용청구 불가사. 심사결과에 대해 어떠한 이의도 제기할 수 없음아. 수상이후 허위사실 기재, 기공개된 내용, 표절사실이 밝혀질 경우 수상을 취소하고 상금 환수자. 입상작은 추후 사실관계가 어긋나지 않는 범위에서 편집되어 대외 홍보에 사용될 수 있음 차. 모든 수상자들은 반드시 시상식(’15.5.7, 예정)에 참여하여야 함    한국장학재단"
34,2015-1학기 학생 “수업피드백시스템(TFS)” 참여 안내,https://web.kangnam.ac.kr/menu/board/info/f19069e6134f8f8aa7f689a4a675e66f.do?scrtWrtiYn=false&encMenuSeq=c5dc4b1d7b4dd402e5e6a7a8471eb55c&encMenuBoardSeq=963ebb234a840a349ee61801f73fedcb,15.03.18,학사,공지사항,"2015-1학기 학생 “수업피드백시스템(TFS)” 참여 안내  1. 수업피드백시스템 (Teaching Feedback System) 이란?교수자가 수백 개의 수업 관련 진단평가 문항중 자신의 수업 특성에 맞는 문항들을 선택하여 시스템에 등재하면, 수업을 수강하는 학생들은 해당 문항에 대한 답변을 통하여 교수자와 학습자간의 소통을 통한 수업의 질 개선을 이루는 시스템임.2014학년도 1학기는 1차, 2차로 총 2회 시행함.  2. 수업피드백시스템 도입 시행 목적교수자는 강의개선 문제점을 발견하고, 학생은 수업 선택권의 질을 높이며, 이를 통하여 학교에서는 수업의 질을 개선하고자 함.  3. 학생 “수업피드백시스템” 참여 방법가. 종합종보시스템 로그인 → 나. 수업관리메뉴 클릭 → 다. 수업피드백시스템 클릭 → 다. 수강 교과목별 개설 설문문항 클릭후 문항에 답변  4. “수업피드백시스템” 설문 응답 기간가. 1차： 2015. 03. 30(월) - 04. 17(금)나. 2차： 2015. 05. 18(월) - 06. 05(금)다. 1차, 2차 기간에 모두 응답해야 함.  5. 기타 사항： 문의사항은 학부(과) 조교실이나 학사지원팀으로 하기 바람.   2015. 03. 17.  교 무 처 학 사 지 원 팀"
35,[교외장학] 2015년도 우리다문화장학재단 장학금 신청 안내,https://web.kangnam.ac.kr/menu/board/info/f19069e6134f8f8aa7f689a4a675e66f.do?scrtWrtiYn=false&encMenuSeq=41c4ba211ab06cbc003455e07441b4f8&encMenuBoardSeq=ae810a93f7635bce39f0a67b9ffed66c,15.03.12,장학,공지사항,"[교외장학] 2015년도 우리다문화장학재단 장학금 신청 안내  우리다문화장학재단은 다문화가족을 비롯한 소외계층 자녀에 대한 장학 및 교육지원 사업 등을 통해 사회공헌을 실천하고자 우리금융그룹에서 출연하여 2012년 1월 출범한 비영리 공익법인으로써 아래와 같이 2015년도 다문화장학생을 모집하오니 해당 학생들은 기일내에 신청하여 주시기 바랍니다.   - 아 래 -   1. 장학금명 : 2015년도 우리다문화장학재단 장학생2. 장학금액 : 1인당 300만원 3. 지원자격 및 서류제출 마감일가. 서류제출 마감일 :2015.03.27(금)나. 지원자격 - 세부현황은 [참조1,2] 확인구분서울시 추천전형우리은행 추천전형선발대상가. 서울시 거주중이면서 저소득 다문화가족 자녀나. 2015년 현재 1학기 ~ 7학기(4학년1학기) 재학중인 자다. 직전학기 성적 3.0이상인 자 가. 전국 4년제 대학교에 재학중인 저소득 다문화가족 자녀나. 2015년 현재 1학기 ~ 7학기 (4학년 1학기) 재학중인 자다. 직전학기 성적 3.0이상인 자 접수방법<우편접수>주소 : 서울특별시 중구 세종대로 110 서울시청 9층 외국인다문화담당관 다문화가족팀 장학사업 담당자 앞<방문접수>전국 우리은행 영업점제출서류(개별)가. 장학생 신청서 1부 [첨부1] 참조나. 자기소개서 1부 [첨부1] 참조다. 장학생 추천서 1부 [첨부1] 참조※ 추천자(학부/학과장 또는 지도교수) 작성 및 날인 必 라. 개인정보 이용 동의서 [첨부1] 참조가. 장학생 신청서 1부 [첨부2] 참조나. 자기소개서 1부 [첨부2] 참조다. 장학생 추천서 1부 [첨부2] 참조※ 추천자(학부/학과장 또는 지도교수) 작성 및 날인 必 라. 개인정보 이용 동의서 [첨부2] 참조제출서류(공통)가. 주민등록등본나. 가족관계증명서다. 다문화 학생임을 입증할 수 있는 서류 (기본증명서, 재적증명서, 외국인등록증 등)※ 반드시 부모출신 국적(결혼이민여성의 경우, 본인의 출신국적)이 표기되어 있어야 함※ 마, 바의 서류에 국적이 표기되어 있는 경우 생략가능라. 2014년 건강․장기요양보험료 납부확인서 1부 ※ 보험료 면제자는 국민기초생활수급권 증명서 또는 차상위 증명서 제출 必 마. 재학증명서 1부 바. 직전 학기 성적증명서 1부사. 선행, 봉사관련 수상경력 확인서 (상장사본 가능) ※ 2012년 이후 수상한 상에 한해 인정함아. 자원봉사활동 확인서 (사본 가능) ※ 2012년 이후 활동한 자원봉사 활동에 한해 인정함4. 선발기준 가. 건강보험료(본인부담금) 납부 금액이 적은 다문화학생나. 선행, 봉사관련 수상경력 및 자원봉사활동 실적이 많은 다문화학생다. 학업 성적이 높은 다문화학생라. 장래희망 및 장학금 사용계획이 명확한 다문화학생마. 서울시 및 우리다문화장학재단 프로그램에 적극 참여 가능한 다문화학생5. 문의처 : 우리다문화장학재단 사무국 (02-2002-3523 ~ 4)   우리다문화장학재단"
36,[교외장학] 2015학년도 용인시시민장학회 장학금 신청 안내,https://web.kangnam.ac.kr/menu/board/info/f19069e6134f8f8aa7f689a4a675e66f.do?scrtWrtiYn=false&encMenuSeq=41c4ba211ab06cbc003455e07441b4f8&encMenuBoardSeq=b1ae24b5cec3478564fd863bfebc5380,15.03.12,장학,공지사항,"[교외장학] 2015학년도 용인시시민장학회 장학금 신청 안내  2015학년도 재단법인 용인시시민장학회 장학금 지원자 선발공고 및 선발계획을 아래와 같이 안내하오니 해당 학생들은 내용 확인 후 기일 내 신청하시기 바랍니다.  ※ 유의사항 1. 첨부파일에서 신청분야 및 제출서류 확인하여 신청하시기 바랍니다.2. [지원대상자추천서] 및 [장학금 수혜(비수혜)확인서]는 제출서류 완비하여 장학복지팀 경유하여 추천 및 확인받기 바랍니다.※ 장학복지팀 : 인문사회관 4층 404-1호  - 아 래 -  1. 장학금명 : 2015학년도 (재)용인시시민장학회 장학금  2. 신청기간 :2015.03.17(화) 09:00 ~ 04.03(금) 18:00까지 ※ 공휴일은 접수받지 않음 3. 신청자격가. 공고일 현재, 계속하여 2년 이상 용인시에 주민등록을 두고 거주한 시민 및 직계존비속나. 당해 연도 타 장학금을 받지 아니한 자[단, 진학 ‧ 우수 ․ 저소득 대학생은 장학금액(250만원) 한도 내에 중복 가능하며 차액만 지급] 4. 신청절차 : 신청서 작성 → 추천권자 추천 → 용인시시민장학회제출 5. 신 청 서 : 용인시시민장학회 홈페이지 및 각 읍․면․동사무소 또는 첨부파일 다운로드 6. 접수장소 : 용인시시민장학회(용인시 처인구 중부대로 1199 용인시청 3층)※ 서류미비로 인한 접수 불가를 방지하기 위하여 직접 방문 제출함(대리인 가능)  7. 선정기준 장학금의 종류자 격기 준비 고진학장학금대학 및 대학교 수능성적 입학생◦ 해당연도 대입수학능력시험 성적 언+수+외+탐(2)영역 등급 합 13이내인 자◦ 추천권자 : 대학(총)장대학 및 대학교 내신 성적 입학생◦ 해당연도 내신 성적 상위 10% 이내인 자우수장학금관내 4년제 대학교 재학생◦ 해당연도 12학점 이상 취득과 성적이 B+(평점표시)이상 인 자◦ 복학생의 경우 휴학 직전학기와 그 전학기 각 12학점 이상 취득과 성적이 B+(3.5) 이상인 자◦ 신청자가 많을 시 평점 순으로 함◦ 추천권자 :대학(총)장◦ 당해 연도 졸업자 및 휴학자 제외기능장학금대학교 재학생◦ 도 단위 이상 각종 공인대회에서 3위 이내 입상한 자◦ 추천권자 : 소속 학교장◦ 수상등급별 배점은[참조]의 기준으로 정함효행장학금관내 (관외공동학군지역을포함)의 재학생 및 국내 대학 재학생 ◦ 품행이 바르고 공경을 몸소 실천함으로서 그의 행실이 타의 귀감이 되는 학생◦ 추천권자 : 읍․면동장저소득장학금관내․외 대학교 입학생 및 재학생◦ 생계급여 수급자 및 차상위 계층 (생계급여 수급자 기준의 200% 이내 인 자)◦ 평점평균 2.5 이상인 자◦ 추천권자 : 읍․면․동장 다자녀장학금대학생◦ 5자녀 이상 다자녀 가구 중 미혼학생 1인◦ 심의위원회에서 심의 의결로 정함◦ 평점평균 2.5 이상인 자◦ 추천권자 : 읍․면․동장향토장학금대학생◦ 용인시에 20년 이상 계속해서 거주하고 있는 가구 중 학생 1인 ◦ 해당연도 매학기 12학점 이상 취득과 성적이 B+(3.5)이상 인 자 ◦ 추천권자 : 대학(총)장 8. 구비서류 - [붙임1]참조구분제출서류비고공통가. 장학금 지원신청서 - [붙임1]참조나. 장학금 지원대상자추천서 - [붙임1]참조다. 개인정보수집․이용․제공 및 조회동의서 - [붙임1]참조라. 신청인 서약서 - [붙임1]참조마. 주민등록 등본 또는 초본 - 주소이력 포함바. 재학증명서 - 외부제출용사. 장학금 비수혜(수혜) 확인서 - 장학복지팀 경유  진학 장학금가. 2015 대학수학능력 성적표 또는 2014년 고등학교 내신 성적표   우수 장학금가. 2014학년도 성적증명서 - 매학기 3.5이상※ 복학생은 휴학 직전 2개 학기 B+(3.5) 이상  기능장학금가. 교육․문화․체육․예술 등 2014년도 각종대회 수상실적 증명 또는 상장 사본 - 원본대조필 [참조]확인효행장학금가. 읍․면․동장의 공적조서 - [붙임2]참조  저소득장학금가. 2014학년도 성적증명서나. 저소득장학금 지급 대상자 확인서 - [붙임3]참조다. 수급자증명원, 비과세증명서, 임대차계약서 등 저소득층 증빙자료  다자녀장학금가. 2014학년도 성적증명서※ 5자녀 이상 다자녀 가구 당 미혼 학생 1인만 신청 가능  향토 장학금가. 2014학년도 성적증명서※ 20년 이상 용인에 계속 거주하고 있는 가구 중 학생 1인만 신청 가능   9. 문 의 처 가. 홈페이지 : 용인시시민장학회 홈페이지 (http://www.yijanghak.or.kr)나. 연락처 : 용인시시민장학회 (사무실 031)324-4823, 338-3416)  재단법인 용인시시민장학회  "
37,2015-1학기 2차 폐강/합반교과목 안내 및 폐강과목 수강생 추가 수강/합반강좌 수강 변경 방법 안내,https://web.kangnam.ac.kr/menu/board/info/f19069e6134f8f8aa7f689a4a675e66f.do?scrtWrtiYn=false&encMenuSeq=c5dc4b1d7b4dd402e5e6a7a8471eb55c&encMenuBoardSeq=c35a220ab7c79672071b82cf42d24cad,15.03.09,학사,공지사항,"2015-1학기 2차 폐강/합반교과목 안내 및 폐강과목 수강생 추가 수강/합반강좌 수강 변경 방법 안내  2015-1학기 2차 폐강/합반 교과목을 아래와 같이 공지하니, 해당과목을 수강신청한 학생은 공지된 기간내에 아래 방법에 의하여 추가 수강신청 및 수강 교과목 변경을 시행 바랍니다.  - 아 래 -  1. 2015-1학기 2차 폐강/합반 교과목 현황(공지사항 하단의 엑셀 첨부파일을 클릭후 확인)2. 2차 폐강/합반교과목 수강생 추가 수강신청 및 시간중복자 수강변경 방법가. 추가수강신청 및 수강변경 기간： 2015. 03. 09(월) 19:00 - 2015. 03. 10(화) 17:00나. 추가수강신청 방법： ① 강남대학교 홈페이지 접속(www.kangnam.ac.kr) → ② 홈페이지 하단 “종합정보시스템” 버튼 클릭후 로그인 → ③ 수업관리 메뉴 클릭후 “폐강강좌 수강신청 변경”메뉴 클릭후 추가 수강신청 교과목을 선택하여 수강신청 후 저장다. 추가수강신청시 유의사항① 2차 폐강 및 합반으로 인한 추가 수강신청 및 변경 기간에도 수강가능인원이 있는 강좌만 수강신청이 가능함.② 정해진 기간이 경과한 후에는 추가 수강신청이 불가함.3.2차 폐강 및 합반에 따른 수강신청 문의： 소속 학부 조교실 및 학사지원팀(031-280-3543,3544)    2015. 03. 09  교 무 처 학 사 지 원 팀    "
38,2015-1학기 “수강신청 교과목포기” 안내,https://web.kangnam.ac.kr/menu/board/info/f19069e6134f8f8aa7f689a4a675e66f.do?scrtWrtiYn=false&encMenuSeq=c5dc4b1d7b4dd402e5e6a7a8471eb55c&encMenuBoardSeq=b19936056aceb69ef1411a61e29dc6dd,15.03.09,학사,공지사항,"2015-1학기 “수강신청 교과목포기” 안내  2015학년도 1학기부기 “수강신청 교과목포기” 기간 및 방법을 아래와 같이 안내하니, 착오없기 바랍니다.  - 아 래 -  1. 수강신청 교과목 포기기간： 2015. 03. 09(월) 10:00 - 2015. 03. 27(금) 24:00  2. 수강교과목 포기 방법： 학생본인이 직접 수강교과목중 선택하여 아래와 같이 포기방법) ① 강남대학교 홈페이지 접속→ ② 홈페이지 하단 종합정보시스템 클릭 후 로그인 → ③ 학사행정 클릭 → ④ 학생관리 클릭 → ⑤ 수업관리 클릭 → ⑥ 수강신청 내역 확인 → ⑦ (수강포기) 포기교과목을 직접 선택 삭제.  3. 기타사항가. 정규학기에 개설된 교과목중 특성상 계절에 운영되는 교과목은 수업개시일 이전까지 학사지원팀에 수강교과목포기원을 별도 제출하여 포기토록 함.- “윈드서핑” 교과목도 2015년 03월 27일(금) 24시 까지만 수강포기가 가능함.나. 수강신청 과목중 “수강교과목 포기”를 하지 않고 수강하지 않은 과목은 과락처리됨.   2015. 03. 09  교 무 처 학 사 지 원 팀"
39,“강의실 개선요청 의견” 접수 프로그램 사용 안내(교·강사),https://web.kangnam.ac.kr/menu/board/info/f19069e6134f8f8aa7f689a4a675e66f.do?scrtWrtiYn=false&encMenuSeq=c5dc4b1d7b4dd402e5e6a7a8471eb55c&encMenuBoardSeq=d79282d7e1e4b0dffee0e01f86255e7b,15.03.06,학사,공지사항,“강의실 개선요청 의견” 접수 프로그램 사용 안내(교·강사)    2015-1학기부터 수업환경 개선을 위하여 수업 담당 교․강사로부터 실질 수업을 진행하는 강의실에 대한 개선 의견을 온라인을 통하여 신청할 수 있도록 아래와 같이 안내드리니 참고하시어 수업 시 강의실에 대한 개선 내용을 요청 해주시기를 협조 바랍니다.  - 아 래 -  1. 구축 프로그램： 수업 환경 개선을 위한 강의실 개선 의견 요청 2. 프로그램 구축 내용가. 담당교수가 본교 홈페이지에 로그인하여 웹종합정보시스템에서 강의를 진행하는 강의실에 대한 의견을 웹으로 제출함.나. 강의실 개선 의견을 매체개선에 대한 의견과 환경개선에 대한 의견으로 구분하여 제시토록 하여 현재 수업환경의 구체적인 문제점을 파악하여 개선토록 함.다. 담당교수가 웹상에 개선 의견을 제출하면 학사지원팀은 CS종합정보시스템에서 해당 의견 내용을 확인하여 실시간 문제점을 파악․개선 시행토록 함. 3. 강의실 개선 의견 요청 사용방법 (아래 첨부된 사용자 매뉴얼 참조)    2015. 03. 05교 무 처 장
40,2015학년도 1학기 강우장학회 장학생 선발 안내,https://web.kangnam.ac.kr/menu/board/info/f19069e6134f8f8aa7f689a4a675e66f.do?scrtWrtiYn=false&encMenuSeq=41c4ba211ab06cbc003455e07441b4f8&encMenuBoardSeq=715bb9c93f88e4d668aadffd74fe8cb5,15.03.05,장학,공지사항,"2015학년도 1학기 강우장학회 장학생 선발 안내  강우장학회는 강남대학교에 재직중인 교직원들이 주축이 되어 1987년 2월에 설립된 장학회로서 매년 학기별로 장학금을 지급하고 있습니다.  강우장학회에서는 2015학년도 1학기 장학생을 아래와 같이 선발하고자 하오니 관심 있는 재학생들의 많은 신청 바랍니다. - 아 래 - 1. 신청기간 : 2015. 3. 9.(월) 09:00 ~ 3. 13.(금) 17:30까지2. 신청자격  가. 직전학기 성적 평균평점 3.0이상 나. 학과(부) 1학기 이상 등록자로서 재학중인자 3. 지급인원 : ○명 4. 지급금액 : 1인당 1,000,000원 이내(일백만원 이내) 5. 지급예정일 : 추후 공지6. 선발결과발표 : 2015. 3. 23(월), 장학생에게 개별통보 및 교내 홈페이지 공지7. 제출서류 : 가. 신청서(첨부양식)나. 성적증명서다. 장학금신청사유서 1부 (장학금을 받아야 할 사유를 A4 용지에 자유롭게 작성하되 부모직업 및 가정 형편, 주택거주형태(자가/전세/월세), 학비조달방법, 학업계획 등 장학금을 받 아야 될 사유를 중심으로 자유롭게 작성함).라. 기타 증빙서류(장학금신청사유서에 기술한 내용에 대한 증빙자료가 있을 경우에만 첨부)예) 전․월세계약서 사본, 미과세증명서, 기초생활수급대상자증명서, 수상실적증명 등 8. 서류접수- 서비스행정실3(경천관 1층) 박재숭 총무 / 취업정보센터(본관 1층) 주광영 회계9. 기타사항가. 타장학금 수혜자도 지원할 수 있음(등록금을 초과할 수 없음)나. 장학금신청서는 첨부한 파일을 다운로드하여 작성10. 문의처 : 전화 031-280-3419(총무), 031-280-3557(회계)  첨 부 : 강우장학회 장학금신청서 1부. 끝   2015. 3. 5  강 우 장 학 회 장"
41,[교외장학] 2015-1학기 경의장학회 장학생 장학금 신청 안내,https://web.kangnam.ac.kr/menu/board/info/f19069e6134f8f8aa7f689a4a675e66f.do?scrtWrtiYn=false&encMenuSeq=41c4ba211ab06cbc003455e07441b4f8&encMenuBoardSeq=c5d1eeb2fa43bb66f5cf44544415033f,15.03.03,장학,공지사항,"[교외장학] 2015-1학기 경의장학회 장학생 장학금 신청 안내  경의장학회에서는 강남대학교 경제학과 동문들이 모교의 발전과 후배들에게 도움을 주고자 하는 취지에서 설립된 장학회로서 2002년부터 경제학과 재학생에게 장학금을 지급하고 있습니다. 본 장학회에서는 2015-1학기 장학생을 아래와 같이 선발하고자 하오니 해당 학생들은 기간 내에 신청하시기 바랍니다.   - 아 래 -  1. 장학금명 : 2015-1학기 경의장학회 장학생 장학금  2. 신청기간 및 서류 제출처 가. 신청기간 : 2015.03.03(월) ~ 03.13(금) 17:00까지나. 제 출 처 : 인문사회관4층 404-1호 장학복지팀  3. 선발인원 : 1명   4. 장학금액 : 1,000,000원   5. 신청자격가. 본교에서 2학기 이상 이수하고 경제학과 재학중인 자 나. 직전학기 12학점 이상 취득 및 평점평균 3.0 이상인 자다. 대학생활이 타의 모범이 되는 자 라. 2015-1학기 타 장학금 수혜자(수혜예정자)는 제외 (단, 국가장학금 수혜는 예외)마. 등록금 실납부금액이 1,000,000원 이상인 자 ※ (실납부금액 = 등록금액 - 장학금액)마. 선발 기준은 본교 비지정 외부장학생 선발 기준에 의거 선발   6. 신청 제외 대상가. 2015-1학기 국가장학금 미 신청자 나. 경제학과가 아닌 타과 재학중인 자 다. 정규학기 초과자, 전액장학생 신청불가  7. 제출서류 가. 장학금 신청서 - 붙임나. 성적증명서 - 외부제출용    경의장학회 회장"
42,2015학년도 1학기 졸업미비자와 졸업유보자의 수강신청 및 학점등록 안내,https://web.kangnam.ac.kr/menu/board/info/f19069e6134f8f8aa7f689a4a675e66f.do?scrtWrtiYn=false&encMenuSeq=c5dc4b1d7b4dd402e5e6a7a8471eb55c&encMenuBoardSeq=595b2ea70699bb3719a7e7a138b7948d,15.03.03,학사,공지사항,2015학년도2015학년도2015학년도2015학년도 1학기 졸업미비자와 졸업유보자의 수강신청 및 학점등록 안내      • 학점등록대상자 : 2015학년도 1학기 졸업미비자와 졸업유보자  • 등록금액 : 2015-1학기 수강신청 변경기간 내 수강신청 학점에 따라 학점등록  • 학점등록대상자 수강신청 기간 : 2015.03.04(수) 까지  ※ 해당 학생은 반드시 3.4(수)까지 수강신청이 완료되어야 합니다.    • 학점등록금 납부 기간 : 2015.03.10(화) ~ 03.13(금)        학사지원팀
43,[교외장학] 2015-1학기 강남대학교 여교수회 장학금 선발지침 및 신청안내,https://web.kangnam.ac.kr/menu/board/info/f19069e6134f8f8aa7f689a4a675e66f.do?scrtWrtiYn=false&encMenuSeq=41c4ba211ab06cbc003455e07441b4f8&encMenuBoardSeq=205ccbe9d0e0e89da41f20f3c2ac901c,15.03.03,장학,공지사항,"[교외장학] 2015-1학기 강남대학교 여교수회 장학금 선발지침 및 신청안내  강남대학교 재직 여교수 모임인 [강남대학교 여교수회]에서는 매 학기 우수한 재학생을 선발하여 장학금을 지급하고 있습니다. 2015-1학기 여교수회 장학금 선발지침 및 장학생 신청을 아래와 같이 안내하오니 관심 있는 학생들은 지원하시기 바랍니다.  - 아 래 -  1. 선발인원 및 장학금 : 1명 / 200만원  2. 선발기준가. 성적이 3.0 이상인 자(전 학년 가능)나. 여학생의 경우, 각 분야에서 여성 지도자의 자질을 충분히 가진 자다. 남학생의 경우, 각 분야에서 여성의 권익을 위해 인정할 만한 업적이 있는 자.라. 동점자 처리 기준1) 직전 학기 평균 평점 우수자2) 전공과목의 취득(신청) 학점 수가 많은 자3) 취득(신청) 학점 수가 많은 자4) 입학 년도가 빠른 자(고학년)  3. 제출서류가. 장학금신청서 1부 (* 장학금신청서 양식 첨부)나. 자기소개서 1부 다. 성적증명서 1부라. 교내·외 활동 및 입상 확인서 1부 (장학금신청서 양식 참조) (* 기간: 전 학년에 해당)마. 본인명의 통장사본 1부﻿  4. 추천인원 : 각 학부별로 1명씩 추천하여 주시기 바랍니다.(* 야간이 있는 학부는 주간과 별개의 학부로 추천가능)  5. 제출기한 및 제출방법가. 제출기한 : 2015.3.2(월)~3.20(금)나. 제출방법 : 샬롬관 109호 사회복지학부 조교실6. 기타사항 가. <장학금 이중수혜 금지사항>이 적용됩니다.나. 장학생 공지: 2015-1학기 성적장학금 수혜자 발표 이후 학교 홈페이지를 통해 공지함.   강남대학교 여교수회"
44,[교외장학] 2015학년도 재단법인 하림장학재단 장학생 신청 안내,https://web.kangnam.ac.kr/menu/board/info/f19069e6134f8f8aa7f689a4a675e66f.do?scrtWrtiYn=false&encMenuSeq=41c4ba211ab06cbc003455e07441b4f8&encMenuBoardSeq=5124af119625dbad5ec6822ef4569bda,15.03.02,장학,공지사항,"[교외장학] 2015학년도 재단법인 하림장학재단 장학생 신청 안내   재단법인 하림장학재단은 우수한 인재 발굴 및 후학양성을 위해 설립된 재단으로써 2015학년도 재단법인 하림장학재단 장학생 신청에 대하여 아래와 같이 안내하오니 해당 학생들은 기일내에 신청해주시기 바랍니다.     - 아 래 -    1. 장학금명 : 2015학년도 재단법인 하림장학재단 장학생  2. 신청기간 : 2015.03.02(월) ~ 03.11(수) 17시까지  3. 서류제출처 : 인문사회관 4층 404-1호 장학복지팀  4. 신청자격가. 강남대학교 재학생으로 정규학기 재학생 나. 직전학기 취득학점 12학점, 평점평균 3.0이상 다. 2015-1학기 한국장학재단 국가장학금 신청자※ 선발은 강남대학교 비지정외부장학생 선발에 의거 진행라. 2015-1학기 등록금 실 납부액이 1,800,000원 이상인 자※ 실 납부금액 = 등록금액 - 장학금액   5. 제외대상 가. 강남대학교 재학생으로 정규학기 재학생이 아닌 자 나. 2015-1학기 신입생, 편입생, 휴학생 제외다. 2015-1학기 국가장학금 미 신청자 라. 2015-1학기 등록금 실 납부액이 1,800,000원 미만인 자   6. 장학생 선발인원 및 장학금액가. 선발인원 : 1명 나. 장학금액 : 연간 3,600,000원 / 학기당 1,800,000원  7. 제출서류 가. 신상명세서 - 붙임참조나. 신 청 서 - 붙임참조다. 학부/학과장 추천서 - 붙임참조 ※ 학교장 추천은 최종선발자에 한하여 추천 예정라. 全학년 성적증명서 - 외부제출용마. 주민등록 등본 1통   8. 문의 : 장학복지팀 031-280-3547    재단법인 하림장학재단"
